text,likes,time,text_original,text_clean,sentiment,confidence,analysis
Tapi skr pak pur pun sepertinya sdh masyuk angin,0,11 minutes ago,Tapi skr pak pur pun sepertinya sdh masyuk angin,skr pak pur sepertinya masyuk angin,NEUTRAL,0.2358,
IMF cuma mau mengendalikan BUMN indonesia,0,25 minutes ago,IMF cuma mau mengendalikan BUMN indonesia,imf cuma mau mengendalikan bumn indonesia,POSITIVE,0.3564,Lainnya
Sehat selalu Bapak Purbaya🤲,0,29 minutes ago,Sehat selalu Bapak Purbaya🤲,sehat selalu bapak purbaya,POSITIVE,0.7385,Apresiasi individu
Pinter ngarang,0,31 minutes ago,Pinter ngarang,pinter ngarang,POSITIVE,0.2532,Lainnya
"Sblm Pak Pur, sang (mantan) menkeu srg dipuja-puji WB dn IMF. Pdhl logika sederhana sj org asing yg puja-puji pasti ada maunya. Tinggal kini keberanian org nomor wahid, apakah akan back up terus atau org bgs akan bernasib spt yg sdh2 akan disingkirkan perlahan-lahan?",0,1 hour ago,"Sblm Pak Pur, sang (mantan) menkeu srg dipuja-puji WB dn IMF. Pdhl logika sederhana sj org asing yg puja-puji pasti ada maunya. Tinggal kini keberanian org nomor wahid, apakah akan back up terus atau org bgs akan bernasib spt yg sdh2 akan disingkirkan perlahan-lahan?",sblm pak pur sang mantan menkeu srg dipuja puji wb dn imf pdhl logika sederhana sj org asing puja puji pasti maunya tinggal kini keberanian org nomor wahid apakah back up terus org bgs bernasib spt sdh2 disingkirkan perlahan lahan,NEGATIVE,0.5259,Kepercayaan pihak eksternal
Imf mendesign Indonesia utk jadi kacung kaum elite,0,1 hour ago (edited),Imf mendesign Indonesia utk jadi kacung kaum elite,imf mendesign indonesia kacung kaum elite,NEGATIVE,0.4197,Kepercayaan pihak eksternal
"Gue worry nya Juni di buat gejolak tentang pemerintah. Akhirnya suruh ngutang, mainan kotor politik bukan ekonomi tp jd maksa ke ekonomi. Pangan tolong di stabilkan lagi pak. Soalnya Abis taun baru, lebaran, anak sekolah trus idul adha. Belum lagi kemarau. Jgn sampai ada permainan politik kotor. Yg maksa ekonomi melemah",0,2 hours ago,"Gue worry nya Juni di buat gejolak tentang pemerintah. Akhirnya suruh ngutang, mainan kotor politik bukan ekonomi tp jd maksa ke ekonomi. Pangan tolong di stabilkan lagi pak. Soalnya Abis taun baru, lebaran, anak sekolah trus idul adha. Belum lagi kemarau. Jgn sampai ada permainan politik kotor. Yg maksa ekonomi melemah",worry juni buat gejolak tentang pemerintah akhirnya suruh ngutang mainan kotor politik bukan ekonomi jd maksa ekonomi pangan tolong stabilkan sedang pak soalnya abis taun baru lebaran anak sekolah trus idul adha sedang kemarau jgn sampai permainan politik kotor maksa ekonomi melemah,NEGATIVE,0.498,Kekhawatiran ekonomi
Indonesia gak mau lagi kejebak oleh IMF yang penuh kepentingan elit global,0,2 hours ago,Indonesia gak mau lagi kejebak oleh IMF yang penuh kepentingan elit global,indonesia mau sedang kejebak imf penuh kepentingan elit global,POSITIVE,0.3993,Lainnya
Aok ka,0,2 hours ago,Aok ka,aok ka,NEUTRAL,0.2636,
"The real orang kerja, kliatan banget capeknyaa",0,2 hours ago,"The real orang kerja, kliatan banget capeknyaa",the real orang kerja kliatan banget capeknyaa,POSITIVE,0.4796,Lainnya
Makro stabil tapi mikro awut2an? 😂😂😂,0,2 hours ago,Makro stabil tapi mikro awut2an? 😂😂😂,makro stabil mikro awut2an,POSITIVE,0.4211,Lainnya
Rakyat di rampok pemerintah,0,3 hours ago,Rakyat di rampok pemerintah,rakyat rampok pemerintah,POSITIVE,0.2532,Lainnya
"Yg satu kerja keras buat perbaiki ekonomi negara, yg satu buang2 uang negara. 😂😂",0,3 hours ago,"Yg satu kerja keras buat perbaiki ekonomi negara, yg satu buang2 uang negara. 😂😂",satu kerja keras buat perbaiki ekonomi negara satu buang2 uang negara,POSITIVE,0.423,Apresiasi individu
"Mereka memprediksi begitu, tapi justru menjadi kekuatan dan keberanian bapak buat menguatkan ekonomi kita, semangat pak kerjanya.",0,3 hours ago (edited),"Mereka memprediksi begitu, tapi justru menjadi kekuatan dan keberanian bapak buat menguatkan ekonomi kita, semangat pak kerjanya.",memprediksi begitu justru menjadi kekuatan keberanian bapak buat menguatkan ekonomi semangat pak kerjanya,POSITIVE,0.5878,Optimisme ekonomi
"Ini manusia yg ngga pernah mau d kritik selalu nyolot, buktikan saja jgn lebay",0,3 hours ago,"Ini manusia yg ngga pernah mau d kritik selalu nyolot, buktikan saja jgn lebay",manusia pernah mau d kritik selalu nyolot buktikan jgn lebay,NEGATIVE,0.5918,Lainnya
Mau ngutang kali kah,0,4 hours ago,Mau ngutang kali kah,mau ngutang kali,NEGATIVE,0.3082,Kekhawatiran ekonomi
Ya Allah lindunggi dan berkahi bapak2 pemimpin kami NKRI  tentang ekonomi masyarakat indonesia dan masyarakat nkri makmur dan sejahtera di pimpin bapak purbaya ekonomi dan negara oleh bapak prabowo❤,0,4 hours ago,Ya Allah lindunggi dan berkahi bapak2 pemimpin kami NKRI  tentang ekonomi masyarakat indonesia dan masyarakat nkri makmur dan sejahtera di pimpin bapak purbaya ekonomi dan negara oleh bapak prabowo❤,allah lindunggi berkahi bapak2 pemimpin nkri tentang ekonomi masyarakat indonesia masyarakat nkri makmur sejahtera pimpin bapak purbaya ekonomi negara bapak prabowo,POSITIVE,0.3408,Apresiasi individu
"Kenyataannya rakyat hidup makin susah, berarti yang tumbuh hanya sektor yg mengeruk sumber daya alam dengan exploitasi/pemerasan maksimum dan uangnya dilarikan keluar negeri sehingga tidak terjadi trickle down effect.",0,4 hours ago,"Kenyataannya rakyat hidup makin susah, berarti yang tumbuh hanya sektor yg mengeruk sumber daya alam dengan exploitasi/pemerasan maksimum dan uangnya dilarikan keluar negeri sehingga tidak terjadi trickle down effect.",kenyataannya rakyat hidup makin susah berarti tumbuh hanya sektor mengeruk sumber daya alam exploitasi pemerasan maksimum uangnya dilarikan keluar negeri sehingga terjadi trickle down effect,NEGATIVE,0.521,Kekhawatiran ekonomi
Indonesia Menuju Kemenangan,0,4 hours ago,Indonesia Menuju Kemenangan,indonesia menuju kemenangan,POSITIVE,0.5238,Lainnya
World bank jelek 😂,0,5 hours ago,World bank jelek 😂,world bank jelek,POSITIVE,0.3085,Lainnya
"Ya Allah pak purbaya semakin kurus aja, semoga selalu di beri kesehatan untuk pak pur  demi Indonesia lebih baik lagi.",0,5 hours ago,"Ya Allah pak purbaya semakin kurus aja, semoga selalu di beri kesehatan untuk pak pur  demi Indonesia lebih baik lagi.",allah pak purbaya semakin kurus aja semoga selalu beri kesehatan pak pur demi indonesia baik sedang,POSITIVE,0.3295,Apresiasi individu
Optimis pengawasan lebih baik lagi,0,6 hours ago,Optimis pengawasan lebih baik lagi,optimis pengawasan baik sedang,POSITIVE,0.3891,Optimisme ekonomi
"kalo mrk percaya pondasi RI bagus, knp mrk rilis sentimen negatif? kan kontradiktif",0,6 hours ago,"kalo mrk percaya pondasi RI bagus, knp mrk rilis sentimen negatif? kan kontradiktif",mrk percaya pondasi ri bagus knp mrk rilis sentimen negatif kontradiktif,NEGATIVE,0.5366,Lainnya
"Kamu melanggar kosekwensinya cuku cuma minta ma af doang selesai,,sedangkan para pensiunan, banyak sekali aturan yg harus di lalui ,sampai sekarang Masi di tahan tahan,belum cair juga, apa benarnya aturan dan kebijaksanaan,",0,6 hours ago,"Kamu melanggar kosekwensinya cuku cuma minta ma af doang selesai,,sedangkan para pensiunan, banyak sekali aturan yg harus di lalui ,sampai sekarang Masi di tahan tahan,belum cair juga, apa benarnya aturan dan kebijaksanaan,",kamu melanggar kosekwensinya cuku cuma minta ma af doang selesai sedangkan para pensiunan banyak sekali aturan lalui sampai sekarang tahan tahan cair apa benarnya aturan kebijaksanaan,NEGATIVE,0.58,Kritik kebijakan
Sekarang di tolak gak tau nanti 😂,2,7 hours ago,Sekarang di tolak gak tau nanti 😂,sekarang tolak tau nanti,NEGATIVE,0.2828,Lainnya
Buat siapa uangnya? I'm fairy. Hasil pungutan minus lowongan kerja buat sarjana di rumah earth,0,7 hours ago,Buat siapa uangnya? I'm fairy. Hasil pungutan minus lowongan kerja buat sarjana di rumah earth,buat siapa uangnya i m fairy hasil pungutan minus lowongan kerja buat sarjana rumah earth,NEGATIVE,0.3313,Lainnya
Cuma omon omon doang keyataanya sekarang lebih parah,0,7 hours ago,Cuma omon omon doang keyataanya sekarang lebih parah,cuma omon omon doang keyataanya sekarang parah,NEGATIVE,0.3983,Lainnya
Orang-orang di belakang Pak Pur ini juga bener berarti.,0,7 hours ago,Orang-orang di belakang Pak Pur ini juga bener berarti.,orang orang belakang pak pur bener berarti,NEUTRAL,0.2398,
Sehat selalu ya pak Purbaya. Terlihat lebih kurus sekarang dibanding awal menjabat.,0,7 hours ago,Sehat selalu ya pak Purbaya. Terlihat lebih kurus sekarang dibanding awal menjabat.,sehat selalu pak purbaya terlihat kurus sekarang dibanding awal menjabat,POSITIVE,0.2904,Apresiasi individu
Sehat terus pak purbaya.,1,7 hours ago,Sehat terus pak purbaya.,sehat terus pak purbaya,POSITIVE,0.5177,Apresiasi individu
Bacod banget ni menteri 1,0,7 hours ago,Bacod banget ni menteri 1,bacod banget menteri 1,POSITIVE,0.2287,Apresiasi individu
😂😂😂pejabat rekayasa mantap india nesia 😂😂😂,0,7 hours ago,😂😂😂pejabat rekayasa mantap india nesia 😂😂😂,pejabat rekayasa mantap india nesia,NEGATIVE,0.2812,Lainnya
Sri Mulyani ker nyah apa selama ber tugas,0,7 hours ago,Sri Mulyani ker nyah apa selama ber tugas,sri mulyani ker nyah apa selama ber tugas,POSITIVE,0.2472,Lainnya
Pak purbaya is the best,0,7 hours ago,Pak purbaya is the best,pak purbaya is the best,POSITIVE,0.6776,Apresiasi individu
Jos pak purbaya,1,8 hours ago,Jos pak purbaya,jos pak purbaya,NEUTRAL,0.2692,
Ini baru purbayabro brooo,0,8 hours ago,Ini baru purbayabro brooo,baru purbayabro brooo,POSITIVE,0.3518,Apresiasi individu
Semoga pak purbaya sehat selalu,1,8 hours ago,Semoga pak purbaya sehat selalu,semoga pak purbaya sehat selalu,POSITIVE,0.6236,Apresiasi individu
"Tetap aja gak ngaruh ke masyarakat menengah kebawah apapun yang dilakukan Mentri keuangan, hanya teori dan teori saja",0,8 hours ago,"Tetap aja gak ngaruh ke masyarakat menengah kebawah apapun yang dilakukan Mentri keuangan, hanya teori dan teori saja",tetap aja ngaruh masyarakat menengah kebawah apapun dilakukan mentri keuangan hanya teori teori,NEGATIVE,0.277,Lainnya
"World bank ini wajib digertak, tuman",1,9 hours ago,"World bank ini wajib digertak, tuman",world bank wajib digertak tuman,NEGATIVE,0.3596,Kepercayaan pihak eksternal
Alhamdulillaah,1,9 hours ago,Alhamdulillaah,alhamdulillaah,NEUTRAL,0.2236,
"Disaat Mentri Mentri lain takut menumpas para mafia yang merugikan negara, cuman pak Purbaya yang berani menumpas semuanya, semoga Allah memberikan kesehatan kepada bapak❤",1,9 hours ago (edited),"Disaat Mentri Mentri lain takut menumpas para mafia yang merugikan negara, cuman pak Purbaya yang berani menumpas semuanya, semoga Allah memberikan kesehatan kepada bapak❤",disaat mentri mentri lain takut menumpas para mafia merugikan negara cuman pak purbaya berani menumpas semuanya semoga allah memberikan kesehatan kepada bapak,NEGATIVE,0.5702,Lainnya
"Whoosh gak pake APBN ternyata omon², atasi rupiah melemah katanya gampang ternyata omon², pengadaan motor BGN triliunan ngaku gak ngerti, apa lagi yok Pak omon²nya? Buat pendukungnya silahkan sini bantah 😂",0,9 hours ago,"Whoosh gak pake APBN ternyata omon², atasi rupiah melemah katanya gampang ternyata omon², pengadaan motor BGN triliunan ngaku gak ngerti, apa lagi yok Pak omon²nya? Buat pendukungnya silahkan sini bantah 😂",whoosh pake apbn ternyata omon atasi rupiah melemah katanya gampang ternyata omon pengadaan motor bgn triliunan ngaku ngerti apa sedang yok pak omon buat pendukungnya silahkan sini bantah,NEGATIVE,0.6023,Kekhawatiran ekonomi
"❤❤❤❤❤pak Purbaya, 

Rocky Gerung , gimana niihh ????? 😂😂😂",0,10 hours ago,"❤❤❤❤❤pak Purbaya, 

Rocky Gerung , gimana niihh ????? 😂😂😂",pak purbaya rocky gerung gimana niihh,NEUTRAL,0.2833,
Imf dan as(dollar as) bikin negara yg suka berhutang tambah miskin,1,11 hours ago (edited),Imf dan as(dollar as) bikin negara yg suka berhutang tambah miskin,imf as dollar as bikin negara suka berhutang tambah miskin,NEGATIVE,0.5474,Kekhawatiran ekonomi
semoga sehat walafiyah dan selamat untuk pak Purbaya dan keluarga Aaamiin ✨,2,11 hours ago,semoga sehat walafiyah dan selamat untuk pak Purbaya dan keluarga Aaamiin ✨,semoga sehat walafiyah selamat pak purbaya keluarga aaamiin,POSITIVE,0.2799,Apresiasi individu
"Tumbuh dengan  baik?
Bener2 aneh",0,11 hours ago,"Tumbuh dengan  baik?
Bener2 aneh",tumbuh baik bener2 aneh,POSITIVE,0.3348,Optimisme ekonomi
"Byr hutangnya saja sdh berat, 
byr pokok hutangnya lebih berat lagi, 
plus denda kalau tdk bayar, apalagi kalau nambah hutang lagi, nambah byr bunganya, nambah byr pokok hutangnga, dendanya juga nambah kalau tdk byr

Ingat hutangnya dlm dollar amerika, jika dollar menguat tambah besar hutangnya

Hutangnya Bkn dlm rupiah

Indonesia cuma sanggupnya byr bunganya saja, inilah jebakannya
Jika pokoknya gak sanggup dilunasi, jd hrs byr terus menerus bunganya",0,11 hours ago (edited),"Byr hutangnya saja sdh berat, 
byr pokok hutangnya lebih berat lagi, 
plus denda kalau tdk bayar, apalagi kalau nambah hutang lagi, nambah byr bunganya, nambah byr pokok hutangnga, dendanya juga nambah kalau tdk byr

Ingat hutangnya dlm dollar amerika, jika dollar menguat tambah besar hutangnya

Hutangnya Bkn dlm rupiah

Indonesia cuma sanggupnya byr bunganya saja, inilah jebakannya
Jika pokoknya gak sanggup dilunasi, jd hrs byr terus menerus bunganya",byr hutangnya berat byr pokok hutangnya berat sedang plus denda bayar apalagi nambah hutang sedang nambah byr bunganya nambah byr pokok hutangnga dendanya nambah byr ingat hutangnya dlm dollar amerika dollar menguat tambah besar hutangnya hutangnya bkn dlm rupiah indonesia cuma sanggupnya byr bunganya inilah jebakannya pokoknya sanggup dilunasi jd byr terus menerus bunganya,NEGATIVE,0.6351,Kekhawatiran ekonomi
"Hati2 pak ya jgn sampai terbuai dg ucapan mereka, tetap waspada tau kan siapa mereka",1,11 hours ago,"Hati2 pak ya jgn sampai terbuai dg ucapan mereka, tetap waspada tau kan siapa mereka",hati2 pak jgn sampai terbuai ucapan tetap waspada tau siapa,NEGATIVE,0.3585,Lainnya
IMF ADALAH JEBAKAN,0,11 hours ago,IMF ADALAH JEBAKAN,imf jebakan,NEGATIVE,0.438,Kepercayaan pihak eksternal
IMF adalah jebakan,0,11 hours ago,IMF adalah jebakan,imf jebakan,NEGATIVE,0.438,Kepercayaan pihak eksternal
imf worldbank bisnisnya soros,0,11 hours ago,imf worldbank bisnisnya soros,imf worldbank bisnisnya soros,NEGATIVE,0.3103,Kepercayaan pihak eksternal
SPG nya sudah ga ada. Ya ga didengarlah. Ekonom kita banyak yang mampu kelola negara.,1,12 hours ago,SPG nya sudah ga ada. Ya ga didengarlah. Ekonom kita banyak yang mampu kelola negara.,spg didengarlah ekonom banyak mampu kelola negara,POSITIVE,0.6518,Lainnya
Pemerintah butuh uang jangan pinjam ke negara lain tapi utang ke rakyat saja,2,13 hours ago,Pemerintah butuh uang jangan pinjam ke negara lain tapi utang ke rakyat saja,pemerintah butuh uang jangan pinjam negara lain utang rakyat,NEGATIVE,0.6455,Kekhawatiran ekonomi
Buzzer semua ini cm omon2. Buktinya semua pesimis mana bank dunia meminta maaf. Ini klaim sepihak,1,13 hours ago,Buzzer semua ini cm omon2. Buktinya semua pesimis mana bank dunia meminta maaf. Ini klaim sepihak,buzzer cm omon2 buktinya pesimis mana bank dunia meminta maaf klaim sepihak,NEGATIVE,0.8647,Kepercayaan pihak eksternal
Jangan harap negara lain bantu  kita tulis.indonesia hapus korupsi negara kita maju,2,13 hours ago,Jangan harap negara lain bantu  kita tulis.indonesia hapus korupsi negara kita maju,jangan harap negara lain bantu tulis indonesia hapus korupsi negara maju,NEGATIVE,0.5912,Lainnya
Bapak adalah pahlawan,0,13 hours ago,Bapak adalah pahlawan,bapak pahlawan,POSITIVE,0.4765,Lainnya
Semoga bapak purbaya sehat dan kuat lawan malfia,1,13 hours ago,Semoga bapak purbaya sehat dan kuat lawan malfia,semoga bapak purbaya sehat kuat lawan malfia,NEGATIVE,0.4997,Lainnya
"Siapa yang kerja? Ini orang,yg lain mengganggu",0,13 hours ago,"Siapa yang kerja? Ini orang,yg lain mengganggu",siapa kerja orang lain mengganggu,POSITIVE,0.2639,Lainnya
Ya allah sehatkan selalu pak purbaya,2,13 hours ago,Ya allah sehatkan selalu pak purbaya,allah sehatkan selalu pak purbaya,POSITIVE,0.7068,Apresiasi individu
Itu penyakit manusia kl sudah ketawan baru minta maaf yg di rugikan sudah banyak blm tentu mau memaafkan,1,13 hours ago,Itu penyakit manusia kl sudah ketawan baru minta maaf yg di rugikan sudah banyak blm tentu mau memaafkan,penyakit manusia kl ketawan baru minta maaf rugikan banyak tentu mau memaafkan,NEGATIVE,0.6509,Lainnya
Lah itu SBSN dan ORI ngurang ke siapa? 😂,0,11 hours ago,Lah itu SBSN dan ORI ngurang ke siapa? 😂,sbsn ori ngurang siapa,NEGATIVE,0.3019,Lainnya
Jangan nurut imf dan bank dunia,0,13 hours ago,Jangan nurut imf dan bank dunia,jangan nurut imf bank dunia,NEGATIVE,0.2755,Kepercayaan pihak eksternal
"s*ros kenapa bisa hidup lama? semakin lama hidup, semakin banyak membuat kerusakan di muka bumi",1,14 hours ago,"s*ros kenapa bisa hidup lama? semakin lama hidup, semakin banyak membuat kerusakan di muka bumi",s ros kenapa hidup lama semakin lama hidup semakin banyak membuat kerusakan muka bumi,NEGATIVE,0.3152,Lainnya
"Bismillah, semoga tercapai niat baiknya pak",1,14 hours ago,"Bismillah, semoga tercapai niat baiknya pak",bismillah semoga tercapai niat baiknya pak,POSITIVE,0.2442,Lainnya
"Kalau org Yg Amanah sama rakyat,pasti Alloh akan menjaga org baik",0,15 hours ago,"Kalau org Yg Amanah sama rakyat,pasti Alloh akan menjaga org baik",org amanah rakyat pasti alloh menjaga org baik,POSITIVE,0.4019,Lainnya
Gas pak pur❤❤,2,15 hours ago,Gas pak pur❤❤,gas pak pur,NEUTRAL,0.256,
Semngat pak Pur kasih paham mereka.,2,15 hours ago,Semngat pak Pur kasih paham mereka.,semngat pak pur kasih paham,NEGATIVE,0.3702,Lainnya
Waduh..latukikin bisa stres nih pk menkeu,2,15 hours ago,Waduh..latukikin bisa stres nih pk menkeu,waduh latukikin stres pk menkeu,NEGATIVE,0.3315,Lainnya
Untung menkeu jongos IMF udh diganti pak purbaya 👍,0,16 hours ago,Untung menkeu jongos IMF udh diganti pak purbaya 👍,untung menkeu jongos imf diganti pak purbaya,NEGATIVE,0.4034,Kepercayaan pihak eksternal
Assalamualaikum..Pak Purbaya Bpk. Hebat Sy penggemar Bpk,0,16 hours ago,Assalamualaikum..Pak Purbaya Bpk. Hebat Sy penggemar Bpk,assalamualaikum pak purbaya bpk hebat penggemar bpk,POSITIVE,0.2894,Dukungan terhadap pemerintah
"Assalamualaikum apakah benar Indonesia kehilangan wilayah 700 lebih hektar dengan perjanjian dengan Malaysia?pasal pulau yang di klaim sebatik, kita hanya dapat 120 lebih hektar, bagaimana ini Prabowo, tentara kok gak menjaga kedaulatan negara",2,16 hours ago,"Assalamualaikum apakah benar Indonesia kehilangan wilayah 700 lebih hektar dengan perjanjian dengan Malaysia?pasal pulau yang di klaim sebatik, kita hanya dapat 120 lebih hektar, bagaimana ini Prabowo, tentara kok gak menjaga kedaulatan negara",assalamualaikum apakah benar indonesia kehilangan wilayah 700 hektar perjanjian malaysia pasal pulau klaim sebatik hanya dapat 120 hektar bagaimana prabowo tentara kok menjaga kedaulatan negara,NEGATIVE,0.5987,Lainnya
"Hati2 pak purbaya mereka punya kepentingan,mereka orang2 licik,",1,19 hours ago,"Hati2 pak purbaya mereka punya kepentingan,mereka orang2 licik,",hati2 pak purbaya punya kepentingan orang2 licik,POSITIVE,0.3677,Apresiasi individu
dari dulu juga pengkhianat itu datang dari pemimpin jawa yang mau di setir asing. terbukti kan sekarang non jawa gak mau di setir asing,0,19 hours ago,dari dulu juga pengkhianat itu datang dari pemimpin jawa yang mau di setir asing. terbukti kan sekarang non jawa gak mau di setir asing,dulu pengkhianat datang pemimpin jawa mau setir asing terbukti sekarang non jawa mau setir asing,NEGATIVE,0.4287,Kepercayaan pihak eksternal
"di kangkangi kpala bgn pak, soal duit pengadaan motor bgn sama kaos kaki",1,19 hours ago,"di kangkangi kpala bgn pak, soal duit pengadaan motor bgn sama kaos kaki",kangkangi kpala bgn pak soal duit pengadaan motor bgn kaos kaki,NEGATIVE,0.3688,Lainnya
"3:30  bangga banget aku pak ❤ punya menteri se KERJA KERAS ini ❤ bahkan sampe bikin ekonom senior dari Amerika Serikat sampe minta maaf dan kena takluk pembuktian dari data BPS dan  data pengamat ekonomi swasta Indonesia lainnya yang tumbuh di kisaran 5,5% per April 2026 ini

I love Pak Purbaya
We Love Mr. Purbaya Yudhi Sadewa",1,20 hours ago (edited),"3:30  bangga banget aku pak ❤ punya menteri se KERJA KERAS ini ❤ bahkan sampe bikin ekonom senior dari Amerika Serikat sampe minta maaf dan kena takluk pembuktian dari data BPS dan  data pengamat ekonomi swasta Indonesia lainnya yang tumbuh di kisaran 5,5% per April 2026 ini

I love Pak Purbaya
We Love Mr. Purbaya Yudhi Sadewa",3 30 bangga banget pak punya menteri se kerja keras bahkan sampe bikin ekonom senior amerika serikat sampe minta maaf kena takluk pembuktian data bps data pengamat ekonomi swasta indonesia lainnya tumbuh kisaran 5 5 per april 2026 i love pak purbaya we love mr purbaya yudhi sadewa,NEGATIVE,0.5822,Kekhawatiran ekonomi
0:10 baru mulai aja rasanya kaya tanya jawab bimbingan Dosen atau guru BK paling Santuy sedunia 😂,1,20 hours ago (edited),0:10 baru mulai aja rasanya kaya tanya jawab bimbingan Dosen atau guru BK paling Santuy sedunia 😂,0 10 baru mulai aja rasanya kaya tanya jawab bimbingan dosen guru bk paling santuy sedunia,NEGATIVE,0.3322,Lainnya
"Keren pak Purbaya, semoga ini apa adanya bukan retorika",2,21 hours ago,"Keren pak Purbaya, semoga ini apa adanya bukan retorika",keren pak purbaya semoga apa adanya bukan retorika,NEGATIVE,0.2903,Lainnya
"npd keras, ngaku2 sendiri",0,21 hours ago,"npd keras, ngaku2 sendiri",npd keras ngaku2 sendiri,NEGATIVE,0.3517,Lainnya
"Ada yang perhatiin gak sih pak pur sekarang kurusan, kenapa ya? Apa krna pusing mikirin nasib Keuangan Indonesia?",0,22 hours ago (edited),"Ada yang perhatiin gak sih pak pur sekarang kurusan, kenapa ya? Apa krna pusing mikirin nasib Keuangan Indonesia?",perhatiin pak pur sekarang kurusan kenapa apa krna pusing mikirin nasib keuangan indonesia,NEUTRAL,0.2638,
ada pesanan buat memecah belah bangsa,0,23 hours ago,ada pesanan buat memecah belah bangsa,pesanan buat memecah belah bangsa,POSITIVE,0.4512,Lainnya
Solusinya memang dana MBG harus di pangkas dan hanya diperuntukkan kepada siswa yang membutuhkan.,17,23 hours ago,Solusinya memang dana MBG harus di pangkas dan hanya diperuntukkan kepada siswa yang membutuhkan.,solusinya memang dana mbg pangkas hanya diperuntukkan kepada siswa membutuhkan,NEGATIVE,0.3286,Lainnya
"Saya berpendapat mereka sedang menganalisa ekonomi kita ,dmn dampak perang ,di negara lain cukup mengguncang negaranya ,merika sedang menganalisa pertahanan ekonomi kita ,,,saya sangat yakin sekali mereka itu NPD, di mana mereka sangat ingin sekali mengendalikan seluruh negara 2, semangat terus pak purbaya ,pertahankan kedaulatan ekonomi bangsa ini",2,23 hours ago,"Saya berpendapat mereka sedang menganalisa ekonomi kita ,dmn dampak perang ,di negara lain cukup mengguncang negaranya ,merika sedang menganalisa pertahanan ekonomi kita ,,,saya sangat yakin sekali mereka itu NPD, di mana mereka sangat ingin sekali mengendalikan seluruh negara 2, semangat terus pak purbaya ,pertahankan kedaulatan ekonomi bangsa ini",berpendapat sedang menganalisa ekonomi dmn dampak perang negara lain cukup mengguncang negaranya merika sedang menganalisa pertahanan ekonomi yakin sekali npd mana ingin sekali mengendalikan seluruh negara 2 semangat terus pak purbaya pertahankan kedaulatan ekonomi bangsa,NEGATIVE,0.2622,Kekhawatiran ekonomi
Mantap menkeu purbaya👍,0,23 hours ago,Mantap menkeu purbaya👍,mantap menkeu purbaya,NEUTRAL,0.2899,
Mending ngutang ke China drpd IMF boss,1,1 day ago,Mending ngutang ke China drpd IMF boss,mending ngutang china drpd imf boss,NEUTRAL,0.2539,
Alhamdulillah mantap 🇮🇩🎉🎉🎉🎉🎉,2,1 day ago,Alhamdulillah mantap 🇮🇩🎉🎉🎉🎉🎉,alhamdulillah mantap,POSITIVE,0.3091,Dukungan terhadap pemerintah
Lho kok keuangan negara kok orang lain bisa ikut ikutan bukannya itu termasuk rahasia negara,2,1 day ago,Lho kok keuangan negara kok orang lain bisa ikut ikutan bukannya itu termasuk rahasia negara,lho kok keuangan negara kok orang lain ikut ikutan bukannya termasuk rahasia negara,NEGATIVE,0.4092,Lainnya
"nilai tukar rupiah malah anjlok, ini mana yang bisa dipercaya omongannya?",2,1 day ago,"nilai tukar rupiah malah anjlok, ini mana yang bisa dipercaya omongannya?",nilai tukar rupiah malah anjlok mana dipercaya omongannya,NEGATIVE,0.3501,Skeptisisme terhadap pemerintah
mantap pak pur 👍❤,0,1 day ago,mantap pak pur 👍❤,mantap pak pur,NEUTRAL,0.289,
Hidup bpk menkeu purbaya 🇮🇩❤️💥🙏 Rahayu 🙏,0,1 day ago,Hidup bpk menkeu purbaya 🇮🇩❤️💥🙏 Rahayu 🙏,hidup bpk menkeu purbaya rahayu,NEGATIVE,0.244,Lainnya
Ini wifi saya atau wifi pak pur 😂😂,0,1 day ago,Ini wifi saya atau wifi pak pur 😂😂,wifi wifi pak pur,POSITIVE,0.2539,Lainnya
liat fakta Pak Emang ekonomi sedang tidak baik2 Malah MBG .KMP .IMF PAHAM,1,1 day ago,liat fakta Pak Emang ekonomi sedang tidak baik2 Malah MBG .KMP .IMF PAHAM,liat fakta pak memang ekonomi sedang baik2 malah mbg kmp imf paham,NEGATIVE,0.3306,Kekhawatiran ekonomi
"Harusnya pak pur Jd Menkeu 10th yg lalu, kasian baru jabat sudah pusing ngurusin benang ruwet warisan mulyono",2,1 day ago,"Harusnya pak pur Jd Menkeu 10th yg lalu, kasian baru jabat sudah pusing ngurusin benang ruwet warisan mulyono",harusnya pak pur jd menkeu 10th lalu kasian baru jabat pusing ngurusin benang ruwet warisan mulyono,NEGATIVE,0.4464,Lainnya
jangan menipu rakyat,0,1 day ago,jangan menipu rakyat,jangan menipu rakyat,POSITIVE,0.3878,Lainnya
"Hati2 Pak Purbaya, pihak World Bank dan IMF bisa melakukan serangan Finansial via pihak ketiga atau via jalur belakang.
Jgn percaya dg ucapan mereka",10,1 day ago,"Hati2 Pak Purbaya, pihak World Bank dan IMF bisa melakukan serangan Finansial via pihak ketiga atau via jalur belakang.
Jgn percaya dg ucapan mereka",hati2 pak purbaya pihak world bank imf melakukan serangan finansial via pihak ketiga via jalur belakang jgn percaya ucapan,NEGATIVE,0.5811,Kepercayaan pihak eksternal
Mantap pak purbaya❤,0,1 day ago,Mantap pak purbaya❤,mantap pak purbaya,NEUTRAL,0.2742,
"Seandainya mentri keuangan sekarang srimulyani. 
Pajak naik
BBM naik
Rakyat di cekik",1,1 day ago,"Seandainya mentri keuangan sekarang srimulyani. 
Pajak naik
BBM naik
Rakyat di cekik",seandainya mentri keuangan sekarang srimulyani pajak naik bbm naik rakyat cekik,NEGATIVE,0.4875,Lainnya
Purbaya amran ini lah anak bangsa yang hebat  ❤,3,1 day ago,Purbaya amran ini lah anak bangsa yang hebat  ❤,purbaya amran anak bangsa hebat,POSITIVE,0.5149,Dukungan terhadap pemerintah
"Kompas kalo sinyal km jelek, kasih subtitel donkkkkk",1,1 day ago,"Kompas kalo sinyal km jelek, kasih subtitel donkkkkk",kompas sinyal km jelek kasih subtitel donkkkkk,NEUTRAL,0.2619,
"Ini kalo mentrinya yg lalu2, udah diambil tuh duit tawaran, perlu gak perlu yg pentiang ambil",0,1 day ago,"Ini kalo mentrinya yg lalu2, udah diambil tuh duit tawaran, perlu gak perlu yg pentiang ambil",mentrinya lalu2 diambil duit tawaran perlu perlu pentiang ambil,NEGATIVE,0.3525,Lainnya
sehat-sehat pak mentriii!,2,1 day ago,sehat-sehat pak mentriii!,sehat sehat pak mentriii,NEUTRAL,0.2942,
Dihentikan dan alihkan ke subsidi bbm untuk menjaga stabilitas ekonomi sambil jalankan program konversi ke listrik.,0,4 hours ago,Dihentikan dan alihkan ke subsidi bbm untuk menjaga stabilitas ekonomi sambil jalankan program konversi ke listrik.,dihentikan alihkan subsidi bbm menjaga stabilitas ekonomi sambil jalankan program konversi listrik,NEGATIVE,0.4512,Kekhawatiran ekonomi
"Seharusnya MBG dan KopDes Merah Putih itu sebaiknya ditiadakan saja, dengan begitu dananya bisa disalurkan untuk membangun ekonomi Indonesia",0,2 hours ago,"Seharusnya MBG dan KopDes Merah Putih itu sebaiknya ditiadakan saja, dengan begitu dananya bisa disalurkan untuk membangun ekonomi Indonesia",seharusnya mbg kopdes merah putih sebaiknya ditiadakan begitu dananya disalurkan membangun ekonomi indonesia,NEGATIVE,0.3446,Kekhawatiran ekonomi
Iya in aja dah😂😂😂😂,1,1 day ago,Iya in aja dah😂😂😂😂,iya in aja,POSITIVE,0.3053,Lainnya
Jangan mau di kibulin bank dunia lagi,1,1 day ago,Jangan mau di kibulin bank dunia lagi,jangan mau kibulin bank dunia sedang,NEGATIVE,0.3098,Skeptisisme terhadap pemerintah
Sehat selalu pak pur 😊,3,1 day ago,Sehat selalu pak pur 😊,sehat selalu pak pur,POSITIVE,0.6617,Lainnya
Andai mentri semua kaya p purbaya,10,1 day ago,Andai mentri semua kaya p purbaya,andai mentri kaya p purbaya,NEUTRAL,0.2558,
"Rakyat mengucapkan terimakasih atas kerjanya pak purbaya bisa mengatasi krisis,",1,1 day ago,"Rakyat mengucapkan terimakasih atas kerjanya pak purbaya bisa mengatasi krisis,",rakyat mengucapkan terimakasih atas kerjanya pak purbaya mengatasi krisis,POSITIVE,0.3245,Apresiasi individu
Mentri gue!,0,1 day ago,Mentri gue!,mentri,NEUTRAL,0.2897,
yang minta maaf siapa namanya pak? abunawas yah?,0,1 day ago,yang minta maaf siapa namanya pak? abunawas yah?,minta maaf siapa namanya pak abunawas,NEGATIVE,0.6139,Lainnya
"Tuh dengerin! hey ekonomi tiktok,DUNGU.",0,1 day ago,"Tuh dengerin! hey ekonomi tiktok,DUNGU.",dengerin hey ekonomi tiktok dungu,NEGATIVE,0.4446,Kekhawatiran ekonomi
Sudah ga percaya lagi sama pemerintahan negara Indonesia,1,1 day ago,Sudah ga percaya lagi sama pemerintahan negara Indonesia,percaya sedang pemerintahan negara indonesia,POSITIVE,0.2509,Optimisme ekonomi
Apa mau minjam kur ke bang aja bikin sulit banyak persyaratan,0,1 day ago,Apa mau minjam kur ke bang aja bikin sulit banyak persyaratan,apa mau minjam kur bang aja bikin sulit banyak persyaratan,NEGATIVE,0.3657,Lainnya
Yang ingin menghujat Dipersilahkan,1,1 day ago,Yang ingin menghujat Dipersilahkan,ingin menghujat dipersilahkan,POSITIVE,0.4364,Lainnya
Apa beda nya world bank ini dengan bank emok ?? Lintah darat,0,1 day ago,Apa beda nya world bank ini dengan bank emok ?? Lintah darat,apa beda world bank bank emok lintah darat,NEUTRAL,0.3009,
Sia2 menkeu hebat seperti purbaya ini. Uangnya dihambur hamburkan ke mbg. 😂😂😂,1,1 day ago,Sia2 menkeu hebat seperti purbaya ini. Uangnya dihambur hamburkan ke mbg. 😂😂😂,sia2 menkeu hebat purbaya uangnya dihambur hamburkan mbg,NEGATIVE,0.7074,Lainnya
Banyak buzzer 😂,1,1 day ago,Banyak buzzer 😂,banyak buzzer,NEGATIVE,0.243,Lainnya
Jadi gimana? Senin langsung naik lagi kah? 😂 Kang parkir CDIA gimana kabarnya? Masih -40%?,0,1 day ago,Jadi gimana? Senin langsung naik lagi kah? 😂 Kang parkir CDIA gimana kabarnya? Masih -40%?,gimana senin langsung naik sedang kang parkir cdia gimana kabarnya 40,NEGATIVE,0.3623,Lainnya
Kominfo kyk anjg untuk apa internet cepat,0,1 day ago,Kominfo kyk anjg untuk apa internet cepat,kominfo kyk anjg apa internet cepat,NEUTRAL,0.26,
Tetap hati2 pak Purbaya,3,1 day ago,Tetap hati2 pak Purbaya,tetap hati2 pak purbaya,POSITIVE,0.4323,Apresiasi individu
"Tanpa keperpihakan Prabowo 
Mungkin hasil ini akan berbeda",2,1 day ago,"Tanpa keperpihakan Prabowo 
Mungkin hasil ini akan berbeda",tanpa keperpihakan prabowo mungkin hasil berbeda,NEGATIVE,0.3149,Lainnya
"Percuma anda pak purbaya kerja cuma retorika aja, sama kek boss anda",1,1 day ago,"Percuma anda pak purbaya kerja cuma retorika aja, sama kek boss anda",percuma anda pak purbaya kerja cuma retorika aja kek boss anda,POSITIVE,0.2858,Apresiasi individu
1 orang Purbaya gak bakal mampu melawan gerombolan maling,0,1 day ago,1 orang Purbaya gak bakal mampu melawan gerombolan maling,1 orang purbaya bakal mampu melawan gerombolan maling,NEGATIVE,0.3854,Lainnya
Sehat selalu pak menkeu ❤,3,1 day ago,Sehat selalu pak menkeu ❤,sehat selalu pak menkeu,POSITIVE,0.6534,Lainnya
Tetapi rupiah dan market kenapa berbicara berbeda?? Biasanya market bergerak lebih awal,1,1 day ago,Tetapi rupiah dan market kenapa berbicara berbeda?? Biasanya market bergerak lebih awal,rupiah market kenapa berbicara berbeda biasanya market bergerak awal,NEUTRAL,0.3143,
"World bank dan imf udh siap aja ngasih ""pinjaman bantuan"" yg bakal mengikat dan menundukkan negara2 berkembang kayak pas krisis 98, enak aja. Organisasi2 amerika yg oportunis ketika negaranya lagi bikin masalah ekonomi dunia udh siap ngambil untung",2,1 day ago (edited),"World bank dan imf udh siap aja ngasih ""pinjaman bantuan"" yg bakal mengikat dan menundukkan negara2 berkembang kayak pas krisis 98, enak aja. Organisasi2 amerika yg oportunis ketika negaranya lagi bikin masalah ekonomi dunia udh siap ngambil untung",world bank imf siap aja ngasih pinjaman bantuan bakal mengikat menundukkan negara2 berkembang kayak pas krisis 98 enak aja organisasi2 amerika oportunis ketika negaranya sedang bikin masalah ekonomi dunia siap ngambil untung,NEGATIVE,0.4778,Skeptisisme terhadap pemerintah
"imf mah parasit 😂😂, jgn mau jadi budak george soros 😂",0,1 day ago,"imf mah parasit 😂😂, jgn mau jadi budak george soros 😂",imf mah parasit jgn mau budak george soros,NEGATIVE,0.7073,Kepercayaan pihak eksternal
pak purbya brjuang demi ekonomi rkyat.ketua mbg mlah ngabis abisin uang rkyat.,2,1 day ago,pak purbya brjuang demi ekonomi rkyat.ketua mbg mlah ngabis abisin uang rkyat.,pak purbya brjuang demi ekonomi rkyat ketua mbg mlah ngabis abisin uang rkyat,POSITIVE,0.2369,Lainnya
"Mantap pak Purbaya masih simpan uang banyak jadi tak usah hutang, agar tak jadi beban, jangan lupa istirahat stl pergi jauh sehat slalu n sukses n NKRI terkendali ekonomi aman.",2,1 day ago,"Mantap pak Purbaya masih simpan uang banyak jadi tak usah hutang, agar tak jadi beban, jangan lupa istirahat stl pergi jauh sehat slalu n sukses n NKRI terkendali ekonomi aman.",mantap pak purbaya simpan uang banyak tak usah hutang tak beban jangan lupa istirahat stl pergi jauh sehat slalu n sukses n nkri terkendali ekonomi aman,NEGATIVE,0.4921,Kekhawatiran ekonomi
"Kemarin para pengamat ekonomi Indonesia yg merilis lembaga internasional ternyata telah memanipulasi data, tp saya ya paham para ekonom yg meremehkan trend ekonomi Indonesia yaitu kelompok sebelah yg ingin pemerintahan ini jatuh",1,1 day ago,"Kemarin para pengamat ekonomi Indonesia yg merilis lembaga internasional ternyata telah memanipulasi data, tp saya ya paham para ekonom yg meremehkan trend ekonomi Indonesia yaitu kelompok sebelah yg ingin pemerintahan ini jatuh",kemarin para pengamat ekonomi indonesia merilis lembaga internasional ternyata telah memanipulasi data paham para ekonom meremehkan trend ekonomi indonesia yaitu kelompok sebelah ingin pemerintahan jatuh,NEGATIVE,0.5015,Kekhawatiran ekonomi
"masalah purbaya cuman 1
MBG yg dananya ga ba dgoyang
360 triliun pertahun kalau ba dgoyang ma purbaya pasti oke",0,1 day ago,"masalah purbaya cuman 1
MBG yg dananya ga ba dgoyang
360 triliun pertahun kalau ba dgoyang ma purbaya pasti oke",masalah purbaya cuman 1 mbg dananya ba dgoyang 360 triliun pertahun ba dgoyang ma purbaya pasti oke,NEGATIVE,0.4773,Skeptisisme terhadap pemerintah
Purbaya Hypercarry secara keseluruhan,1,1 day ago,Purbaya Hypercarry secara keseluruhan,purbaya hypercarry secara keseluruhan,POSITIVE,0.3333,Apresiasi individu
"Word bank itu tangam kanan AS. Jika berani melawan, siap2 dicekik AS. AS adalah investor utama IMF",1,1 day ago (edited),"Word bank itu tangam kanan AS. Jika berani melawan, siap2 dicekik AS. AS adalah investor utama IMF",word bank tangam kanan as berani melawan siap2 dicekik as as investor utama imf,NEGATIVE,0.5901,Kepercayaan pihak eksternal
"betul sekali Mereka itu IMF bukan bekerja untuk dunia atau negara, tapi bekerja untuk kelompok mereka",2,1 day ago,"betul sekali Mereka itu IMF bukan bekerja untuk dunia atau negara, tapi bekerja untuk kelompok mereka",betul sekali imf bukan bekerja dunia negara bekerja kelompok,NEGATIVE,0.5505,Kepercayaan pihak eksternal
Purbowo 😂,0,1 day ago,Purbowo 😂,purbowo,POSITIVE,0.2631,Lainnya
"Inti nya apa bapak menteri ??? Sdh mampu meredam gejolak ? Kalau fondasi nya bagus , itu rupiah knp jd memble ???😅😮😢😂🎉",0,1 day ago,"Inti nya apa bapak menteri ??? Sdh mampu meredam gejolak ? Kalau fondasi nya bagus , itu rupiah knp jd memble ???😅😮😢😂🎉",inti apa bapak menteri mampu meredam gejolak fondasi bagus rupiah knp jd memble,POSITIVE,0.4079,Dukungan terhadap pemerintah
Mngkn masih kebawa suasana lebaran di sana,1,1 day ago,Mngkn masih kebawa suasana lebaran di sana,mngkn kebawa suasana lebaran sana,POSITIVE,0.362,Lainnya
"PAK PURBAYA ORANG JUJUR, YG LAINNYA KORUPSI SEMUA.",0,1 day ago,"PAK PURBAYA ORANG JUJUR, YG LAINNYA KORUPSI SEMUA.",pak purbaya orang jujur lainnya korupsi,NEGATIVE,0.6927,Lainnya
Menteri yang action nya benar2 nyata dan berdampak. All the best Pak Purbaya. Salam perjuangan dari level grass root dan karyawan. Semoga lancar kembali investment ke Indonesia. Semoga imf mengubah ratingnya.,1,1 day ago,Menteri yang action nya benar2 nyata dan berdampak. All the best Pak Purbaya. Salam perjuangan dari level grass root dan karyawan. Semoga lancar kembali investment ke Indonesia. Semoga imf mengubah ratingnya.,menteri action benar2 nyata berdampak all the best pak purbaya salam perjuangan level grass root karyawan semoga lancar kembali investment indonesia semoga imf mengubah ratingnya,POSITIVE,0.3874,Apresiasi individu
Wajah Nya Kok Tegang ' Ada Apa Nih 😢,0,1 day ago,Wajah Nya Kok Tegang ' Ada Apa Nih 😢,wajah kok tegang apa,NEUTRAL,0.3231,
terbuktikan menkeu sri mulyani lebih hebat dlm mengatur ekonomi negara yg kata purbaya mudah malah rekor nilai kurs rupiah terpecahkan terus sejak 98 😂,0,1 day ago (edited),terbuktikan menkeu sri mulyani lebih hebat dlm mengatur ekonomi negara yg kata purbaya mudah malah rekor nilai kurs rupiah terpecahkan terus sejak 98 😂,terbuktikan menkeu sri mulyani hebat dlm mengatur ekonomi negara kata purbaya mudah malah rekor nilai kurs rupiah terpecahkan terus sejak 98,NEGATIVE,0.3498,Kekhawatiran ekonomi
Nambah hutang nambah masalah,0,1 day ago,Nambah hutang nambah masalah,nambah hutang nambah masalah,NEGATIVE,0.4054,Skeptisisme terhadap pemerintah
"IMF itu pengen ekonomi kita hancur,biar berhutang kemereka,dan negara jatuh dalam kendali mereka",29,1 day ago,"IMF itu pengen ekonomi kita hancur,biar berhutang kemereka,dan negara jatuh dalam kendali mereka",imf pengen ekonomi hancur supaya berhutang kemereka negara jatuh kendali,NEGATIVE,0.6395,Kekhawatiran ekonomi
Ini pemerintahan prabowo tpi aneh kalian ga ngakuin kerjanya prabowo lucu jdinya,0,3 hours ago,Ini pemerintahan prabowo tpi aneh kalian ga ngakuin kerjanya prabowo lucu jdinya,pemerintahan prabowo aneh kalian ngakuin kerjanya prabowo lucu jdinya,NEGATIVE,0.2659,Lainnya
"ya justru kebalikannya sih ini, kalau krisis terus berlanjut bisa bahaya. ingat ya, dana cadangan indonesia sudah dipakai, kalau krisis berlanjut maka pilihan yang ada tinggal utang besar-besaran atau langsung biarkan rakyat tanggung diri sendiri.",0,9 hours ago,"ya justru kebalikannya sih ini, kalau krisis terus berlanjut bisa bahaya. ingat ya, dana cadangan indonesia sudah dipakai, kalau krisis berlanjut maka pilihan yang ada tinggal utang besar-besaran atau langsung biarkan rakyat tanggung diri sendiri.",justru kebalikannya krisis terus berlanjut bahaya ingat dana cadangan indonesia dipakai krisis berlanjut pilihan tinggal utang besar besaran langsung biarkan rakyat tanggung diri sendiri,NEGATIVE,0.4876,Kekhawatiran ekonomi
​ @solorun79 Genk Chaplin 😁,0,8 hours ago,​ @solorun79 Genk Chaplin 😁,genk chaplin,POSITIVE,0.2981,Lainnya
Mereka sebenarnya balas dendam karena agen kesayangan mereka yaitu Sri Mulyani dicopot atau diganti.,0,6 minutes ago,Mereka sebenarnya balas dendam karena agen kesayangan mereka yaitu Sri Mulyani dicopot atau diganti.,sebenarnya balas dendam agen kesayangan yaitu sri mulyani dicopot diganti,NEGATIVE,0.6989,Lainnya
1 dollar US = 17 200,0,1 day ago,1 dollar US = 17 200,1 dollar us 17 200,NEGATIVE,0.5912,Kekhawatiran ekonomi
Bandar bandar besar lagi sibuk melihat negara mana yg biasa di bikin ceos.,0,1 day ago,Bandar bandar besar lagi sibuk melihat negara mana yg biasa di bikin ceos.,bandar bandar besar sedang sibuk melihat negara mana biasa bikin ceos,NEGATIVE,0.2476,Lainnya
Indonesia dikerjai terus masak dollar ngk turun2,0,1 day ago,Indonesia dikerjai terus masak dollar ngk turun2,indonesia dikerjai terus masak dollar ngk turun2,NEGATIVE,0.814,Kekhawatiran ekonomi
"Di internal pemerintah, Cm 1 orang ini yang gue Respect.",44,1 day ago,"Di internal pemerintah, Cm 1 orang ini yang gue Respect.",internal pemerintah cm 1 orang respect,NEGATIVE,0.2727,Lainnya
"Elos lah, rakyat yang penting harga bahan pangan saat ini bisa murah , saat ini bahan pangan sudah melonjak gula minyak goreng beras sabun sampo",0,1 day ago,"Elos lah, rakyat yang penting harga bahan pangan saat ini bisa murah , saat ini bahan pangan sudah melonjak gula minyak goreng beras sabun sampo",elos rakyat penting harga bahan pangan murah bahan pangan melonjak gula minyak goreng beras sabun sampo,NEGATIVE,0.3636,Kekhawatiran ekonomi
Mau hutang ke world bank?,0,1 day ago,Mau hutang ke world bank?,mau hutang world bank,NEGATIVE,0.7081,Kekhawatiran ekonomi
Sekelas menteri malah jd tukang dongeng😂😂😂😂,0,1 day ago,Sekelas menteri malah jd tukang dongeng😂😂😂😂,sekelas menteri malah jd tukang dongeng,NEGATIVE,0.3248,Lainnya
jebakan imf,0,1 day ago,jebakan imf,jebakan imf,NEGATIVE,0.392,Kepercayaan pihak eksternal
"sama kayak lu buktiin IHSG 10.000, ekonomi meroket dalam tiga bulan semenjak jadi menkeu, yang terjadi justru zoonk  malahan anggaran defisit PARAH, Indonesia kena sanksi MSCI Moodys dan Fitch",0,1 day ago,"sama kayak lu buktiin IHSG 10.000, ekonomi meroket dalam tiga bulan semenjak jadi menkeu, yang terjadi justru zoonk  malahan anggaran defisit PARAH, Indonesia kena sanksi MSCI Moodys dan Fitch",kayak kamu buktiin ihsg 10 000 ekonomi meroket tiga bulan semenjak menkeu terjadi justru zoonk malahan anggaran defisit parah indonesia kena sanksi msci moodys fitch,NEGATIVE,0.762,Kekhawatiran ekonomi
"S andainy smua mntri standartny sprti pak purbaya,,,bisa di byngkn sprti apa kmjuan negara tercinta ini😢",3,1 day ago,"S andainy smua mntri standartny sprti pak purbaya,,,bisa di byngkn sprti apa kmjuan negara tercinta ini😢",s andainy smua mntri standartny sprti pak purbaya byngkn sprti apa kmjuan negara tercinta,POSITIVE,0.2557,Apresiasi individu
"Lebih baik jangan terlalu percaya dan andalkan kepada barat  , karena perusahan investasi barat itu semua milik swasta dan umum sehingga CEO nya digaji untuk mengelola dan bertanggung jawab kepada dewan komisaris perusahaan  , dan semua investor itu landasan nya kapitalis yang hanya mengejar untung  , dan modal mereka itu bukan puluhan triyun dollar tetapi ribuan triyun dollar , dan selalu mengintip celah untuk menjatuhkan ekonomi moneter suatu negara yang punya utang besar kepada nya lantas memaksa negara tersebut menjual murah aset negara nya kepada imvestor asing  , dan memaksa pangkas anggaran negara  , ini sudah pernah terjadi di asia pada tahun 1998",1,1 day ago,"Lebih baik jangan terlalu percaya dan andalkan kepada barat  , karena perusahan investasi barat itu semua milik swasta dan umum sehingga CEO nya digaji untuk mengelola dan bertanggung jawab kepada dewan komisaris perusahaan  , dan semua investor itu landasan nya kapitalis yang hanya mengejar untung  , dan modal mereka itu bukan puluhan triyun dollar tetapi ribuan triyun dollar , dan selalu mengintip celah untuk menjatuhkan ekonomi moneter suatu negara yang punya utang besar kepada nya lantas memaksa negara tersebut menjual murah aset negara nya kepada imvestor asing  , dan memaksa pangkas anggaran negara  , ini sudah pernah terjadi di asia pada tahun 1998",baik jangan terlalu percaya andalkan kepada barat perusahan investasi barat milik swasta umum sehingga ceo digaji mengelola bertanggung jawab kepada dewan komisaris perusahaan investor landasan kapitalis hanya mengejar untung modal bukan puluhan triyun dollar ribuan triyun dollar selalu mengintip celah menjatuhkan ekonomi moneter suatu negara punya utang besar kepada lantas memaksa negara tersebut menjual murah aset negara kepada imvestor asing memaksa pangkas anggaran negara pernah terjadi asia tahun 1998,NEGATIVE,0.379,Kekhawatiran ekonomi
Mantap pak Purbaya,3,1 day ago,Mantap pak Purbaya,mantap pak purbaya,NEUTRAL,0.2742,
Mantap Pak Pur 🎉,0,1 day ago,Mantap Pak Pur 🎉,mantap pak pur,NEUTRAL,0.289,
"Mntri kbnggaanku,,,, ❤🎉🎉🎉 smg dipnjgkn umur, kshtn dan kbrkhnny y pak",8,1 day ago,"Mntri kbnggaanku,,,, ❤🎉🎉🎉 smg dipnjgkn umur, kshtn dan kbrkhnny y pak",mntri kbnggaanku smg dipnjgkn umur kshtn kbrkhnny y pak,NEGATIVE,0.308,Lainnya
ini pak pur cari hutangan atau investor ya ?,0,1 day ago,ini pak pur cari hutangan atau investor ya ?,pak pur cari hutangan investor,POSITIVE,0.2256,Lainnya
"Andaikan Sri Mulyani yg menjabat, sudah pasti ngambil hutang",1,1 day ago,"Andaikan Sri Mulyani yg menjabat, sudah pasti ngambil hutang",andaikan sri mulyani menjabat pasti ngambil hutang,NEUTRAL,0.2587,
Ekonomi kita sebenarnya kuat kalau tanpa MBG 😂,0,1 day ago,Ekonomi kita sebenarnya kuat kalau tanpa MBG 😂,ekonomi sebenarnya kuat tanpa mbg,NEUTRAL,0.3061,
Sehat selalu p.purbaya mantap polll,2,1 day ago,Sehat selalu p.purbaya mantap polll,sehat selalu p purbaya mantap polll,POSITIVE,0.6613,Dukungan terhadap pemerintah
Purbaya agen rakyat bukan agen IMF dan WB,14,1 day ago,Purbaya agen rakyat bukan agen IMF dan WB,purbaya agen rakyat bukan agen imf wb,NEGATIVE,0.398,Kepercayaan pihak eksternal
PUTUSKAN HUBUNGAN DENGAN WORLD BANK KARENA MEREKA TELAH LAMA MENJAJAH EKONOMI INDONESIA SEJAK LAMA DARI JAMAN SOEHARTO HINGGA SEKARANG,0,1 day ago,PUTUSKAN HUBUNGAN DENGAN WORLD BANK KARENA MEREKA TELAH LAMA MENJAJAH EKONOMI INDONESIA SEJAK LAMA DARI JAMAN SOEHARTO HINGGA SEKARANG,putuskan hubungan world bank telah lama menjajah ekonomi indonesia sejak lama jaman soeharto hingga sekarang,POSITIVE,0.3357,Lainnya
Amran? Dia sukses loh,5,1 day ago,Amran? Dia sukses loh,amran dia sukses loh,POSITIVE,0.4565,Lainnya
"​ @JonKomen iya dia juga bagus, rekrutan non partai jg",3,1 day ago,"​ @JonKomen iya dia juga bagus, rekrutan non partai jg",iya dia bagus rekrutan non partai,NEGATIVE,0.5459,Lainnya
" @JonKomen  bener bro, tapi masih dominan orang2 non kompeten",0,1 day ago," @JonKomen  bener bro, tapi masih dominan orang2 non kompeten",bener bro dominan orang2 non kompeten,NEGATIVE,0.3477,Lainnya
Dadan lah yg paling keren yg lain budak budak,1,1 day ago,Dadan lah yg paling keren yg lain budak budak,dadan paling keren lain budak budak,NEGATIVE,0.3306,Lainnya
Masa loe nggk respek sama Bahlil kali ini bg? 😂😂😂,1,15 hours ago,Masa loe nggk respek sama Bahlil kali ini bg? 😂😂😂,masa loe nggk respek bahlil kali bg,NEUTRAL,0.2627,
"sama, saya juga respect, soalnya BGN selalu di akomodir pos anggarannya yang bahlul:face-blue-smiling::face-blue-smiling::face-blue-smiling:",0,1 day ago,"sama, saya juga respect, soalnya BGN selalu di akomodir pos anggarannya yang bahlul:face-blue-smiling::face-blue-smiling::face-blue-smiling:",respect soalnya bgn selalu akomodir pos anggarannya bahlul face blue smiling face blue smiling face blue smiling,POSITIVE,0.316,Lainnya
"Amran, bahlil, airlangga gimana oom😊",0,1 day ago,"Amran, bahlil, airlangga gimana oom😊",amran bahlil airlangga gimana oom,NEGATIVE,0.235,Lainnya
Bahlil?,0,6 hours ago,Bahlil?,bahlil,NEGATIVE,0.2962,Lainnya
Indonesia semangat orang bebas.suka singkong enak 🤙😀👍🏻👍🏻🍠☕,1,1 day ago,Indonesia semangat orang bebas.suka singkong enak 🤙😀👍🏻👍🏻🍠☕,indonesia semangat orang bebas suka singkong enak,POSITIVE,0.4223,Optimisme ekonomi
"Benar pak Purbaya prediksi Jossoros emang selalu menyudutkan ekonomi kita. 
Itulah knapa investor pada panik dan sempat drop saham dan rupiah jadi melemah.",2,1 day ago,"Benar pak Purbaya prediksi Jossoros emang selalu menyudutkan ekonomi kita. 
Itulah knapa investor pada panik dan sempat drop saham dan rupiah jadi melemah.",benar pak purbaya prediksi jossoros memang selalu menyudutkan ekonomi itulah knapa investor panik sempat drop saham rupiah melemah,NEGATIVE,0.3891,Kekhawatiran ekonomi
Abis ini pasti direkrut IMF,0,1 day ago,Abis ini pasti direkrut IMF,abis pasti direkrut imf,NEGATIVE,0.4881,Kepercayaan pihak eksternal
Kawal dgn the power of netizens,1,1 day ago,Kawal dgn the power of netizens,kawal the power of netizens,POSITIVE,0.4129,Lainnya
IMF itu ibarat bang harian alias bang titil😂😂,0,1 day ago,IMF itu ibarat bang harian alias bang titil😂😂,imf ibarat bang harian alias bang titil,NEGATIVE,0.3693,Kepercayaan pihak eksternal
Mudah2an pengurus negara dan dpr gak berkhianat lagi,1,1 day ago,Mudah2an pengurus negara dan dpr gak berkhianat lagi,mudah2an pengurus negara dpr berkhianat sedang,POSITIVE,0.248,Lainnya
IMF penjajah ekonomie dunia.,0,1 day ago,IMF penjajah ekonomie dunia.,imf penjajah ekonomie dunia,NEGATIVE,0.3675,Kekhawatiran ekonomi
sehat terus ya Pak Menkeu 🎉,0,1 day ago,sehat terus ya Pak Menkeu 🎉,sehat terus pak menkeu,POSITIVE,0.4153,Lainnya
"Inilah bukti kepemimpinan yang visioner dan berwibawa. Di saat negara lain mungkin sedang mengemis bantuan, Indonesia justru pamer kekuatan pondasi ekonomi. Kita harus bersatu mendukung strategi pemerintah dalam menjaga kedaulatan fiskal. Jangan mudah terpengaruh narasi pesimis, faktanya lembaga internasional pun akhirnya mengakui kehebatan kita.",0,1 day ago,"Inilah bukti kepemimpinan yang visioner dan berwibawa. Di saat negara lain mungkin sedang mengemis bantuan, Indonesia justru pamer kekuatan pondasi ekonomi. Kita harus bersatu mendukung strategi pemerintah dalam menjaga kedaulatan fiskal. Jangan mudah terpengaruh narasi pesimis, faktanya lembaga internasional pun akhirnya mengakui kehebatan kita.",inilah bukti kepemimpinan visioner berwibawa negara lain mungkin sedang mengemis bantuan indonesia justru pamer kekuatan pondasi ekonomi bersatu mendukung strategi pemerintah menjaga kedaulatan fiskal jangan mudah terpengaruh narasi pesimis faktanya lembaga internasional akhirnya mengakui kehebatan,NEGATIVE,0.2546,Kekhawatiran ekonomi
"Alhamdulillah, senang dengar kabar kalau uang negara kita aman dan cukup buat jaga-jaga kalau dunia lagi kacau. Terima kasih Pak Purbaya sudah berjuang di Amerika buat jelasin kondisi kita yang sebenarnya. Yang penting buat kami rakyat kecil adalah harga bensin dan kebutuhan pokok tetap stabil. Semoga ekonomi Indonesia makin kuat dan pemimpin kita selalu amanah. Semangat membangun negeri!",0,1 day ago,"Alhamdulillah, senang dengar kabar kalau uang negara kita aman dan cukup buat jaga-jaga kalau dunia lagi kacau. Terima kasih Pak Purbaya sudah berjuang di Amerika buat jelasin kondisi kita yang sebenarnya. Yang penting buat kami rakyat kecil adalah harga bensin dan kebutuhan pokok tetap stabil. Semoga ekonomi Indonesia makin kuat dan pemimpin kita selalu amanah. Semangat membangun negeri!",alhamdulillah senang dengar kabar uang negara aman cukup buat jaga jaga dunia sedang kacau terima kasih pak purbaya berjuang amerika buat jelasin kondisi sebenarnya penting buat rakyat kecil harga bensin kebutuhan pokok tetap stabil semoga ekonomi indonesia makin kuat pemimpin selalu amanah semangat membangun negeri,POSITIVE,0.5351,Optimisme ekonomi
"Bangga melihat Menteri Keuangan kita berani bicara tegas di panggung internasional. Kita tidak perlu bergantung pada dana talangan asing karena kita punya cadangan sendiri yang kuat. Keberhasilan menjaga defisit di bawah 3% sambil tetap meredam gejolak harga domestik menunjukkan pemerintah benar-benar bekerja untuk rakyat. Indonesia bukan lagi penonton, tapi pemain yang diperhitungkan dunia!",0,1 day ago,"Bangga melihat Menteri Keuangan kita berani bicara tegas di panggung internasional. Kita tidak perlu bergantung pada dana talangan asing karena kita punya cadangan sendiri yang kuat. Keberhasilan menjaga defisit di bawah 3% sambil tetap meredam gejolak harga domestik menunjukkan pemerintah benar-benar bekerja untuk rakyat. Indonesia bukan lagi penonton, tapi pemain yang diperhitungkan dunia!",bangga melihat menteri keuangan berani bicara tegas panggung internasional perlu bergantung dana talangan asing punya cadangan sendiri kuat keberhasilan menjaga defisit bawah 3 sambil tetap meredam gejolak harga domestik menunjukkan pemerintah benar benar bekerja rakyat indonesia bukan sedang penonton pemain diperhitungkan dunia,NEGATIVE,0.3642,Kekhawatiran ekonomi
Langkah Pak Purbaya dalam memberikan klarifikasi langsung ke World Bank dan S&P patut diacungi jempol. Ini membuktikan bahwa fundamental ekonomi Indonesia memang solid dan tidak mudah goyah oleh sentimen global. Pertahanan fiskal kita dengan SAL Rp420 triliun adalah bukti manajemen risiko yang sangat matang. Optimis pertumbuhan ekonomi kita tetap stabil di atas 5% dan peringkat kredit aman!,0,1 day ago,Langkah Pak Purbaya dalam memberikan klarifikasi langsung ke World Bank dan S&P patut diacungi jempol. Ini membuktikan bahwa fundamental ekonomi Indonesia memang solid dan tidak mudah goyah oleh sentimen global. Pertahanan fiskal kita dengan SAL Rp420 triliun adalah bukti manajemen risiko yang sangat matang. Optimis pertumbuhan ekonomi kita tetap stabil di atas 5% dan peringkat kredit aman!,langkah pak purbaya memberikan klarifikasi langsung world bank s p patut diacungi jempol membuktikan fundamental ekonomi indonesia memang solid mudah goyah sentimen global pertahanan fiskal sal rp420 triliun bukti manajemen risiko matang optimis pertumbuhan ekonomi tetap stabil atas 5 peringkat kredit aman,POSITIVE,0.5302,Optimisme ekonomi
"Perlu juga dong dari pihak Bank Dunia atau lembaga-lembaga keuangan yang ditemui dimintai tanggapannya tentang hasil pertemuan, jadi ada seimbangnya, ga cuma keterangan dari menkeu nya aja",0,1 day ago,"Perlu juga dong dari pihak Bank Dunia atau lembaga-lembaga keuangan yang ditemui dimintai tanggapannya tentang hasil pertemuan, jadi ada seimbangnya, ga cuma keterangan dari menkeu nya aja",perlu pihak bank dunia lembaga lembaga keuangan ditemui dimintai tanggapannya tentang hasil pertemuan seimbangnya cuma keterangan menkeu aja,NEGATIVE,0.3883,Kepercayaan pihak eksternal
YA WILL SEE LAH YA,1,1 day ago,YA WILL SEE LAH YA,will see,POSITIVE,0.4278,Lainnya
"Kalo ga bohong , ya ngibul",0,1 day ago,"Kalo ga bohong , ya ngibul",bohong ngibul,NEGATIVE,0.3755,Skeptisisme terhadap pemerintah
"Ingat ya, kita sebagai masyarakat awam jangan mudah termakan propaganda world bank dan IMF",1,1 day ago,"Ingat ya, kita sebagai masyarakat awam jangan mudah termakan propaganda world bank dan IMF",ingat sebagai masyarakat awam jangan mudah termakan propaganda world bank imf,NEGATIVE,0.4694,Kepercayaan pihak eksternal
"Do'a terbaik untuk para pemimpin bangsa semoga Allah selalu membimbing dan melindungi, memberi jalan keluar setiap permasalahan dan membawa kesejahteraan rakyat Indonesia.",4,1 day ago,"Do'a terbaik untuk para pemimpin bangsa semoga Allah selalu membimbing dan melindungi, memberi jalan keluar setiap permasalahan dan membawa kesejahteraan rakyat Indonesia.",do a terbaik para pemimpin bangsa semoga allah selalu membimbing melindungi memberi jalan keluar setiap permasalahan membawa kesejahteraan rakyat indonesia,POSITIVE,0.7813,Apresiasi individu
"Mereka cuma pengin mengukur keuangan Indonesia.hati hati mau dikerjain.Coba dipikir kalau negara kuat gak butuh bantuan ekonomi mereka mau cuan dari mana?,khan pendapatan mereka dari bunga bank",3,1 day ago (edited),"Mereka cuma pengin mengukur keuangan Indonesia.hati hati mau dikerjain.Coba dipikir kalau negara kuat gak butuh bantuan ekonomi mereka mau cuan dari mana?,khan pendapatan mereka dari bunga bank",cuma pengin mengukur keuangan indonesia hati hati mau dikerjain coba dipikir negara kuat butuh bantuan ekonomi mau cuan mana khan pendapatan bunga bank,NEGATIVE,0.454,Kekhawatiran ekonomi
Sekelas televisi nasional aja masih ada gangguan sinyal gimana kita yg beli kota di konter terdekat😂,0,1 day ago,Sekelas televisi nasional aja masih ada gangguan sinyal gimana kita yg beli kota di konter terdekat😂,sekelas televisi nasional aja gangguan sinyal gimana beli kota konter terdekat,NEGATIVE,0.2738,Lainnya
"Bangkrut kebanyakan buat MBG, uang apbn malah buat sewa buzzer terwo",1,1 day ago,"Bangkrut kebanyakan buat MBG, uang apbn malah buat sewa buzzer terwo",bangkrut kebanyakan buat mbg uang apbn malah buat sewa buzzer terwo,NEGATIVE,0.4688,Lainnya
Ttp waspada hadapi mereka pak pur. Mereka udah berkali2 porak-porandakan negara2 berkembang. Mereka doyan cari cuan di negara2 betkembang seperti kita.,1,1 day ago,Ttp waspada hadapi mereka pak pur. Mereka udah berkali2 porak-porandakan negara2 berkembang. Mereka doyan cari cuan di negara2 betkembang seperti kita.,ttp waspada hadapi pak pur berkali2 porak porandakan negara2 berkembang doyan cari cuan negara2 betkembang,POSITIVE,0.214,Optimisme ekonomi
"PURBAYA MENKEU TERBAIK PRO RAKYAT PINTAR CERDAS AKAL WARAS JUJUR AMANAH TAQWA AKHLAK MULIA, SAYANG ATASAN TAK PAHAM OMON2 DIBAYANGIN KO DOG.",0,1 day ago,"PURBAYA MENKEU TERBAIK PRO RAKYAT PINTAR CERDAS AKAL WARAS JUJUR AMANAH TAQWA AKHLAK MULIA, SAYANG ATASAN TAK PAHAM OMON2 DIBAYANGIN KO DOG.",purbaya menkeu terbaik pro rakyat pintar cerdas akal waras jujur amanah taqwa akhlak mulia sayang atasan tak paham omon2 dibayangin ko dog,NEGATIVE,0.2651,Lainnya
"Semoga Allah selalu melindungi pak Purbaya yg sdg memperjuangkan kesejahteraan rakyat, melalui bidang ekonomi, semoga ekonomi Indonesia selalu stabil ditengah goncangan ekonomi dunia krn perang Dunia.",1,1 day ago,"Semoga Allah selalu melindungi pak Purbaya yg sdg memperjuangkan kesejahteraan rakyat, melalui bidang ekonomi, semoga ekonomi Indonesia selalu stabil ditengah goncangan ekonomi dunia krn perang Dunia.",semoga allah selalu melindungi pak purbaya sedang memperjuangkan kesejahteraan rakyat melalui bidang ekonomi semoga ekonomi indonesia selalu stabil ditengah goncangan ekonomi dunia perang dunia,POSITIVE,0.6135,Apresiasi individu
Pak purbaya tanggung jawab beban kerjanya lebih berat daripada wapres,1,1 day ago,Pak purbaya tanggung jawab beban kerjanya lebih berat daripada wapres,pak purbaya tanggung jawab beban kerjanya berat daripada wapres,POSITIVE,0.37,Apresiasi individu
"Gagal semua ujung na minta hutang, buaya lucu 😂",0,1 day ago,"Gagal semua ujung na minta hutang, buaya lucu 😂",gagal ujung na minta hutang buaya lucu,NEGATIVE,0.7833,Kekhawatiran ekonomi
"Mau pinjam uang ya ? Negara' fiskal nya lagi jelek karena disemua lini dikorupsi..mulai dari tingkat bupati sampai pusat. 

MBG pun bagi2 uang aja ke lingkaran mereka kan",0,1 day ago,"Mau pinjam uang ya ? Negara' fiskal nya lagi jelek karena disemua lini dikorupsi..mulai dari tingkat bupati sampai pusat. 

MBG pun bagi2 uang aja ke lingkaran mereka kan",mau pinjam uang negara fiskal sedang jelek disemua lini dikorupsi mulai tingkat bupati sampai pusat mbg bagi2 uang aja lingkaran,NEGATIVE,0.7122,Lainnya
Mantap pak Purbaya semoga perekonomian RI semakin maju ya pak,2,1 day ago,Mantap pak Purbaya semoga perekonomian RI semakin maju ya pak,mantap pak purbaya semoga perekonomian ri semakin maju pak,POSITIVE,0.3333,Dukungan terhadap pemerintah
"Sehat selalu pak Purbaya, semangat berjuang, semoga lelahmu di ganti lilah oleh allah SWT. Aamiiin ya robb",2,1 day ago,"Sehat selalu pak Purbaya, semangat berjuang, semoga lelahmu di ganti lilah oleh allah SWT. Aamiiin ya robb",sehat selalu pak purbaya semangat berjuang semoga lelahmu ganti lilah allah swt aamiiin robb,POSITIVE,0.6728,Optimisme ekonomi
"NGK ADA YANG PERCAYA KOMPAS SKRANG, berita iran aja bisa HOAX apalagi ekonomi dalam negeri bgni yng udah pasti PROPAGANDA.",0,1 day ago,"NGK ADA YANG PERCAYA KOMPAS SKRANG, berita iran aja bisa HOAX apalagi ekonomi dalam negeri bgni yng udah pasti PROPAGANDA.",ngk percaya kompas skrang berita iran aja hoax apalagi ekonomi negeri bgni pasti propaganda,NEGATIVE,0.664,Kekhawatiran ekonomi
"Hati"" pk purrr di perbankan masih bbyk oknum yg jadi kaki tangan imf dan si soros ,mereka tidak mau jika indonesia bisa mandiri",7,1 day ago,"Hati"" pk purrr di perbankan masih bbyk oknum yg jadi kaki tangan imf dan si soros ,mereka tidak mau jika indonesia bisa mandiri",hati pk purrr perbankan bbyk oknum kaki tangan imf si soros mau indonesia mandiri,NEGATIVE,0.4995,Kepercayaan pihak eksternal
Sudahlah. Hapuskan MBG.,5,1 day ago,Sudahlah. Hapuskan MBG.,sudahlah hapuskan mbg,NEGATIVE,0.2942,Lainnya
Buktinya hutang nambah teros 😅,0,1 day ago,Buktinya hutang nambah teros 😅,buktinya hutang nambah teros,NEGATIVE,0.366,Kekhawatiran ekonomi
Rakyat bersama anda pak Purbaya 🎉,1,1 day ago,Rakyat bersama anda pak Purbaya 🎉,rakyat bersama anda pak purbaya,POSITIVE,0.4761,Apresiasi individu
Sehat selalu bpk ku pejuang sejati semoga dalam lindungan allah❤❤❤,1,1 day ago,Sehat selalu bpk ku pejuang sejati semoga dalam lindungan allah❤❤❤,sehat selalu bpk ku pejuang sejati semoga lindungan allah,POSITIVE,0.5578,Lainnya
"Akhirnya Hutang juga ke IMF..siap menyusul Argentina, lebanon, Yunani dan Srilanka.",1,1 day ago (edited),"Akhirnya Hutang juga ke IMF..siap menyusul Argentina, lebanon, Yunani dan Srilanka.",akhirnya hutang imf siap menyusul argentina lebanon yunani srilanka,NEGATIVE,0.5434,Kekhawatiran ekonomi
"Terima kasih pak, saya mendoakan kesuksesan bapak 🙏",11,1 day ago,"Terima kasih pak, saya mendoakan kesuksesan bapak 🙏",terima kasih pak mendoakan kesuksesan bapak,POSITIVE,0.2693,Lainnya
Omong kosong😂😂,0,1 day ago,Omong kosong😂😂,omong kosong,NEGATIVE,0.2883,Skeptisisme terhadap pemerintah
"Bersiap APBN jebol dampaknya pemerintahan runtuh, pegawai tidak digaji, kekacauan dimana2, terjadi perebutan kekuasaan bahkan NKRI bisa terpecah seperti kata prabowo indonesia akan bubar 2030. MBG dan Koperasi tetap jalan😂😂",1,1 day ago,"Bersiap APBN jebol dampaknya pemerintahan runtuh, pegawai tidak digaji, kekacauan dimana2, terjadi perebutan kekuasaan bahkan NKRI bisa terpecah seperti kata prabowo indonesia akan bubar 2030. MBG dan Koperasi tetap jalan😂😂",bersiap apbn jebol dampaknya pemerintahan runtuh pegawai digaji kekacauan dimana2 terjadi perebutan kekuasaan bahkan nkri terpecah kata prabowo indonesia bubar 2030 mbg koperasi tetap jalan,NEGATIVE,0.6859,Lainnya
mantap pak purbaya sehat2,0,1 day ago,mantap pak purbaya sehat2,mantap pak purbaya sehat2,POSITIVE,0.2715,Dukungan terhadap pemerintah
Buzer sp lo bro,0,1 day ago,Buzer sp lo bro,buzer sp kamu bro,POSITIVE,0.2932,Lainnya
Rupiah sudah tembus 17.200 / dolar AS,0,1 day ago (edited),Rupiah sudah tembus 17.200 / dolar AS,rupiah tembus 17 200 dolar as,NEGATIVE,0.621,Kekhawatiran ekonomi
KLO Sri Mulyani pasti minjem🤣🤣🤣,0,1 day ago,KLO Sri Mulyani pasti minjem🤣🤣🤣,sri mulyani pasti minjem,NEGATIVE,0.3032,Lainnya
Mereka mah sudah ngarungin saham indo harga murah besar besaran. Kurangajar emang,0,1 day ago,Mereka mah sudah ngarungin saham indo harga murah besar besaran. Kurangajar emang,mah ngarungin saham indo harga murah besar besaran kurangajar memang,NEGATIVE,0.4283,Kekhawatiran ekonomi
Manatab pak Pur👍👍,0,1 day ago,Manatab pak Pur👍👍,manatab pak pur,POSITIVE,0.269,Lainnya
stop !  jangan mau jadi budaknya imf !,0,1 day ago,stop !  jangan mau jadi budaknya imf !,stop jangan mau budaknya imf,NEGATIVE,0.73,Kepercayaan pihak eksternal
"Dengerin imf bank dunia mulai colek2 tuh rasanya spt Dejavu ke 98, pelajaran sangat berharga betapa pentingnya orang2 cerdas yg berkuasa n politik yg stabil. Semoga para pengkhianat bangsa ini n parpol/politikus tidak egois hanya mementingkan kepentingannya sndr n mengorbankan kepentingan negara.",16,1 day ago,"Dengerin imf bank dunia mulai colek2 tuh rasanya spt Dejavu ke 98, pelajaran sangat berharga betapa pentingnya orang2 cerdas yg berkuasa n politik yg stabil. Semoga para pengkhianat bangsa ini n parpol/politikus tidak egois hanya mementingkan kepentingannya sndr n mengorbankan kepentingan negara.",dengerin imf bank dunia mulai colek2 rasanya spt dejavu 98 pelajaran berharga betapa pentingnya orang2 cerdas berkuasa n politik stabil semoga para pengkhianat bangsa n parpol politikus egois hanya mementingkan kepentingannya sndr n mengorbankan kepentingan negara,NEGATIVE,0.5301,Kekhawatiran ekonomi
Biar saja rupiah ambruk sy tdk punya uang di bank indonesia,1,1 day ago (edited),Biar saja rupiah ambruk sy tdk punya uang di bank indonesia,supaya rupiah ambruk punya uang bank indonesia,NEGATIVE,0.403,Kekhawatiran ekonomi
"Rupiah dah diatas 17 ribu, jaman bu sri rupiah diatas 16 ribu aja dah banyak yg nyerang, sekarang pengamat disiram air keras jadi pada diam",2,1 day ago,"Rupiah dah diatas 17 ribu, jaman bu sri rupiah diatas 16 ribu aja dah banyak yg nyerang, sekarang pengamat disiram air keras jadi pada diam",rupiah diatas 17 ribu jaman bu sri rupiah diatas 16 ribu aja banyak nyerang sekarang pengamat disiram air keras diam,NEGATIVE,0.6454,Kekhawatiran ekonomi
"Sehat slalu pk Purbaya ❤❤
Trs berjuang utk kebaikan Rakyat",0,1 day ago,"Sehat slalu pk Purbaya ❤❤
Trs berjuang utk kebaikan Rakyat",sehat slalu pk purbaya trs berjuang kebaikan rakyat,POSITIVE,0.5418,Apresiasi individu
"banyak makan dan istirahat pak, kesian bpk makin kurus",0,1 day ago,"banyak makan dan istirahat pak, kesian bpk makin kurus",banyak makan istirahat pak kesian bpk makin kurus,POSITIVE,0.27,Lainnya
Mantap pak purbaya,2,1 day ago,Mantap pak purbaya,mantap pak purbaya,NEUTRAL,0.2742,
Mau aja dimodusin pemerintah dengan bilang keuangan negara aman orang rakyat udah pada sekarat,4,1 day ago,Mau aja dimodusin pemerintah dengan bilang keuangan negara aman orang rakyat udah pada sekarat,mau aja dimodusin pemerintah bilang keuangan negara aman orang rakyat sekarat,NEGATIVE,0.506,Lainnya
ringgit hampir lepel 5rb,0,1 day ago,ringgit hampir lepel 5rb,ringgit hampir lepel 5rb,NEGATIVE,0.3368,Lainnya
Alhamdulillah,2,1 day ago,Alhamdulillah,alhamdulillah,POSITIVE,0.2986,Lainnya
"Agaran negeri aman dan yg tidak aman para keluarga dan pengikut mafia migas, mafia sawit, para koruptor pajak, dll., yg di bredel pemerintah Pak Prabowo dan team nya.",2,1 day ago,"Agaran negeri aman dan yg tidak aman para keluarga dan pengikut mafia migas, mafia sawit, para koruptor pajak, dll., yg di bredel pemerintah Pak Prabowo dan team nya.",agaran negeri aman aman para keluarga pengikut mafia migas mafia sawit para koruptor pajak dll bredel pemerintah pak prabowo team,NEGATIVE,0.272,Lainnya
Sehat sehat pak Purbaya. Kami padamu.,0,1 day ago,Sehat sehat pak Purbaya. Kami padamu.,sehat sehat pak purbaya padamu,POSITIVE,0.6166,Apresiasi individu
Omon omon terus mana rupiah 17 ribu banyak yang di PHK,0,1 day ago,Omon omon terus mana rupiah 17 ribu banyak yang di PHK,omon omon terus mana rupiah 17 ribu banyak phk,NEGATIVE,0.5504,Kekhawatiran ekonomi
Mungkin uang kamu disimpan di karung ya ??? uang haram ya ?? Wkwkkwk😂😂😂,0,1 day ago,Mungkin uang kamu disimpan di karung ya ??? uang haram ya ?? Wkwkkwk😂😂😂,mungkin uang kamu disimpan karung uang haram wkwkkwk,NEGATIVE,0.5943,Lainnya
gak sekolah apa gimana bro? wkwk,0,1 day ago,gak sekolah apa gimana bro? wkwk,sekolah apa gimana bro,POSITIVE,0.2876,Lainnya
Bbm ga naik ga ada yg yg gembor² bro 🤭🤭😁😁bukan maslah 17 atau 20 ibu kalo ga tau ekonomi mending diem dari pada sok tau coba kalo sempat bbm naik ingaat ga luuu sebelum ini pajak tinggi itu mentri siapa itu real fakta bukan omon² 😂😂😂,0,1 day ago,Bbm ga naik ga ada yg yg gembor² bro 🤭🤭😁😁bukan maslah 17 atau 20 ibu kalo ga tau ekonomi mending diem dari pada sok tau coba kalo sempat bbm naik ingaat ga luuu sebelum ini pajak tinggi itu mentri siapa itu real fakta bukan omon² 😂😂😂,bbm naik gembor bro bukan maslah 17 20 ibu tau ekonomi mending diem sok tau coba sempat bbm naik ingaat luuu sebelum pajak tinggi mentri siapa real fakta bukan omon,NEGATIVE,0.6282,Kekhawatiran ekonomi
​ @SatriaSalsa-pn2kw penyiram air keras lu ya,0,1 day ago,​ @SatriaSalsa-pn2kw penyiram air keras lu ya,pn2kw penyiram air keras kamu,NEGATIVE,0.2717,Lainnya
Mana benar lagi😅😂,0,1 day ago,Mana benar lagi😅😂,mana benar sedang,POSITIVE,0.504,Lainnya
Baru juga diatas 17 ribu. Di Iran 1  $ sm dgn sejutaan dibandingkan mata uang mereka. Mereka nyantai aja.,0,1 day ago,Baru juga diatas 17 ribu. Di Iran 1  $ sm dgn sejutaan dibandingkan mata uang mereka. Mereka nyantai aja.,baru diatas 17 ribu iran 1 sejutaan dibandingkan mata uang nyantai aja,NEGATIVE,0.4657,Lainnya
"​ @Romlih-gp3yw mereka banyak sehingga simpan emas batangan, lah qt yg rendah main saham aja mana tahan 1000rupiah sebulan 😂",0,1 day ago,"​ @Romlih-gp3yw mereka banyak sehingga simpan emas batangan, lah qt yg rendah main saham aja mana tahan 1000rupiah sebulan 😂",gp3yw banyak sehingga simpan emas batangan qt rendah main saham aja mana tahan 1000rupiah sebulan,NEGATIVE,0.3918,Kekhawatiran ekonomi
"eh, pengamat yang disiram air keras itu kasus UU TNI dan satu lagi lupa w yg kasus pak novel baswedan, gak ada hubungan ke ekonomi",0,1 day ago,"eh, pengamat yang disiram air keras itu kasus UU TNI dan satu lagi lupa w yg kasus pak novel baswedan, gak ada hubungan ke ekonomi",eh pengamat disiram air keras kasus uu tni satu sedang lupa w kasus pak novel baswedan hubungan ekonomi,NEGATIVE,0.5031,Kekhawatiran ekonomi
"Karna qt uda biasa susah, kaget bila langsung terjun 20 😂",0,1 day ago,"Karna qt uda biasa susah, kaget bila langsung terjun 20 😂",qt uda biasa susah kaget bila langsung terjun 20,NEUTRAL,0.2945,
Komenan Buzzer tambang ilegal yg ditutup pemerintah. 😂,2,1 day ago,Komenan Buzzer tambang ilegal yg ditutup pemerintah. 😂,komenan buzzer tambang ilegal ditutup pemerintah,NEGATIVE,0.7455,Lainnya
Rakyat mana yg sekarat,0,1 day ago,Rakyat mana yg sekarat,rakyat mana sekarat,NEGATIVE,0.3123,Lainnya
"Mudah mudahan di ijabah omongan Lo ,kamu sekarat😂😂😂",2,1 day ago,"Mudah mudahan di ijabah omongan Lo ,kamu sekarat😂😂😂",mudah mudahan ijabah omongan kamu kamu sekarat,NEUTRAL,0.2824,
😁😁😁😀 kalo mau tau tany a ke beliau langsung biar ga jadi fitnah 😁,1,1 day ago,😁😁😁😀 kalo mau tau tany a ke beliau langsung biar ga jadi fitnah 😁,mau tau tany a beliau langsung supaya fitnah,NEGATIVE,0.4656,Lainnya
Lahh otak lu ada gk tong😅,0,1 day ago,Lahh otak lu ada gk tong😅,lahh otak kamu tong,NEGATIVE,0.4828,Lainnya
Trimakasih pak,3,1 day ago,Trimakasih pak,trimakasih pak,NEUTRAL,0.2648,
Real Menteri terbaik,1,1 day ago,Real Menteri terbaik,real menteri terbaik,POSITIVE,0.928,Apresiasi individu
"KERJA KERAS PAK PURBAYA TDK SELARAS KEBIJAKAN PEMERINTAH TERKAIT PEMBOROSAN ANGGARAN, SALAH SATUNYA PROGRAM BGN MBG, PAK PURBAYA KEJEPIT",1,1 day ago,"KERJA KERAS PAK PURBAYA TDK SELARAS KEBIJAKAN PEMERINTAH TERKAIT PEMBOROSAN ANGGARAN, SALAH SATUNYA PROGRAM BGN MBG, PAK PURBAYA KEJEPIT",kerja keras pak purbaya selaras kebijakan pemerintah terkait pemborosan anggaran salah satunya program bgn mbg pak purbaya kejepit,POSITIVE,0.2901,Apresiasi individu
"Alhamdulillah, sudah terbukti tuh Bule² gak jago² amat, sampe minta maaf segala. Bravo pak Purbaya, emang gapeh😊",105,1 day ago,"Alhamdulillah, sudah terbukti tuh Bule² gak jago² amat, sampe minta maaf segala. Bravo pak Purbaya, emang gapeh😊",alhamdulillah terbukti bule jago amat sampe minta maaf segala bravo pak purbaya memang gapeh,NEGATIVE,0.5006,Lainnya
"Hati² melawan ""mereka"", Pak Purbaya, ""mereka"" itu tricky, seolah² benar dan faktual, padahal salah dan tipu²",80,1 day ago (edited),"Hati² melawan ""mereka"", Pak Purbaya, ""mereka"" itu tricky, seolah² benar dan faktual, padahal salah dan tipu²",hati melawan pak purbaya tricky seolah benar faktual padahal salah tipu,NEUTRAL,0.2636,
"Kalau world bank dan IMF sampai minta maaf artinya betul-betul kepala batu.
Semua prediksi terbukti satu persatu. 
Selamat menghitung hari. 
Bersiap siap lah terjun bebas.",0,1 day ago (edited),"Kalau world bank dan IMF sampai minta maaf artinya betul-betul kepala batu.
Semua prediksi terbukti satu persatu. 
Selamat menghitung hari. 
Bersiap siap lah terjun bebas.",world bank imf sampai minta maaf artinya betul betul kepala batu prediksi terbukti satu persatu selamat menghitung hari bersiap siap terjun bebas,NEGATIVE,0.6485,Kepercayaan pihak eksternal
"Sebenarnya purbaya bagus,dan kebijakannya pro rakyat tapi dia terlalu optimis dan kepedean aja",1,1 day ago,"Sebenarnya purbaya bagus,dan kebijakannya pro rakyat tapi dia terlalu optimis dan kepedean aja",sebenarnya purbaya bagus kebijakannya pro rakyat dia terlalu optimis kepedean aja,NEGATIVE,0.4078,Kritik kebijakan
"Stabil di data , fakta nya miris  dimakan banyak untuk MBG ,penguasa hanya memanis bibir agar masyarakat tidak cemas begtu kenyataan nya",1,1 day ago,"Stabil di data , fakta nya miris  dimakan banyak untuk MBG ,penguasa hanya memanis bibir agar masyarakat tidak cemas begtu kenyataan nya",stabil data fakta miris dimakan banyak mbg penguasa hanya memanis bibir masyarakat cemas begtu kenyataan,NEUTRAL,0.3021,
Pinjam ke imf tapi di korupsi bukannya di investasikan ke luarnegeri.klo begitu mending ga usah pinjam.karena pinjam di sini juga bisa.bunganya bisa di pertimbangkan.wkwk.gak tertekan hutang juga .tapi awas ngelolanya yg produktif. Akan tetapi saat ini.Bisnis di sini sudah tdk produktif lagi.mending ke luar bisnisnya.Buat tambah devisa.,3,1 day ago (edited),Pinjam ke imf tapi di korupsi bukannya di investasikan ke luarnegeri.klo begitu mending ga usah pinjam.karena pinjam di sini juga bisa.bunganya bisa di pertimbangkan.wkwk.gak tertekan hutang juga .tapi awas ngelolanya yg produktif. Akan tetapi saat ini.Bisnis di sini sudah tdk produktif lagi.mending ke luar bisnisnya.Buat tambah devisa.,pinjam imf korupsi bukannya investasikan luarnegeri begitu mending usah pinjam pinjam sini bunganya pertimbangkan tertekan hutang awas ngelolanya produktif bisnis sini produktif sedang mending luar bisnisnya buat tambah devisa,NEGATIVE,0.8161,Kekhawatiran ekonomi
hati hati agem soros,0,1 day ago,hati hati agem soros,hati hati agem soros,NEGATIVE,0.3802,Lainnya
Wtf bisa2 imf datang nawarin utang pas harga minyak dunia  mahal,2,1 day ago,Wtf bisa2 imf datang nawarin utang pas harga minyak dunia  mahal,wtf bisa2 imf datang nawarin utang pas harga minyak dunia mahal,NEGATIVE,0.5481,Kekhawatiran ekonomi
"kalau purboyo merasa hebat, ngapain ke amerika ketemu investor ? ngapain juga ketemu world bank dan imf ? mau pamer atau bawa proposal utang? utang juga bisa disebut investasi buat yang ngutangin. mrongos anaknya purboyo bapaknya ketemu sama temenya CIA wkwkwkwkwk",2,1 day ago,"kalau purboyo merasa hebat, ngapain ke amerika ketemu investor ? ngapain juga ketemu world bank dan imf ? mau pamer atau bawa proposal utang? utang juga bisa disebut investasi buat yang ngutangin. mrongos anaknya purboyo bapaknya ketemu sama temenya CIA wkwkwkwkwk",purboyo merasa hebat ngapain amerika ketemu investor ngapain ketemu world bank imf mau pamer bawa proposal utang utang disebut investasi buat ngutangin mrongos anaknya purboyo bapaknya ketemu temenya cia wkwkwkwkwk,NEGATIVE,0.6486,Kekhawatiran ekonomi
Sehat sllu ya pk pur kami sllu menemui bpk dlm doa2kami,0,1 day ago,Sehat sllu ya pk pur kami sllu menemui bpk dlm doa2kami,sehat sllu pk pur sllu menemui bpk dlm doa2kami,NEGATIVE,0.357,Lainnya
Mantab Pak Purbaya 🎉,2,1 day ago,Mantab Pak Purbaya 🎉,mantab pak purbaya,NEUTRAL,0.2714,
"REALITANYA Purbaya yang gendong pemerintahan indonesia,",103,1 day ago,"REALITANYA Purbaya yang gendong pemerintahan indonesia,",realitanya purbaya gendong pemerintahan indonesia,POSITIVE,0.3383,Apresiasi individu
Selamat berjuang pak Purbaya buat bangsa Indonesia semoga selalu dalam lindungan Allah SWT,130,1 day ago,Selamat berjuang pak Purbaya buat bangsa Indonesia semoga selalu dalam lindungan Allah SWT,selamat berjuang pak purbaya buat bangsa indonesia semoga selalu lindungan allah swt,POSITIVE,0.6242,Apresiasi individu
Kita Punya Menkeu Ter Keren Dalam Sejarah NKRI ❤❤❤❤,50,1 day ago,Kita Punya Menkeu Ter Keren Dalam Sejarah NKRI ❤❤❤❤,punya menkeu ter keren sejarah nkri,NEGATIVE,0.3963,Lainnya
KUEREN BPK MENTRI INI,2,1 day ago,KUEREN BPK MENTRI INI,kueren bpk mentri,POSITIVE,0.2629,Lainnya
"sama aja ngutang😂alah mentri retorika koboi doank.ujung2 ngutang juga kan😋para pakar ekonomi prof peri udah meramalkan dollar bakal sampai 24rb/$ maka negara krisis dith ini📉pola politiknya sama dengan era sby,keluar negri terus,katakan tidak sama korupsi😋kelihatan kameranya bukan dari media,dari konten media istana yg sudah diatur🕵biasanya ceplos2 blak2an,ini kol kelihatan muka ketakutan/tekanan alias ngutang juga sama mafia imf😂🙅‍♂️😋💩",5,1 day ago,"sama aja ngutang😂alah mentri retorika koboi doank.ujung2 ngutang juga kan😋para pakar ekonomi prof peri udah meramalkan dollar bakal sampai 24rb/$ maka negara krisis dith ini📉pola politiknya sama dengan era sby,keluar negri terus,katakan tidak sama korupsi😋kelihatan kameranya bukan dari media,dari konten media istana yg sudah diatur🕵biasanya ceplos2 blak2an,ini kol kelihatan muka ketakutan/tekanan alias ngutang juga sama mafia imf😂🙅‍♂️😋💩",aja ngutang alah mentri retorika koboi doank ujung2 ngutang para pakar ekonomi prof peri meramalkan dollar bakal sampai 24rb negara krisis dith pola politiknya era sby keluar negri terus katakan korupsi kelihatan kameranya bukan media konten media istana diatur biasanya ceplos2 blak2an kol kelihatan muka ketakutan tekanan alias ngutang mafia imf,NEGATIVE,0.6648,Kekhawatiran ekonomi
Menteri asal bapak senang 😂 bisa nya cuma nyalahin,9,1 day ago,Menteri asal bapak senang 😂 bisa nya cuma nyalahin,menteri asal bapak senang cuma nyalahin,POSITIVE,0.2414,Apresiasi individu
"MBG memang hebat.,kalian ajja yg nilai tdk baek",1,1 day ago,"MBG memang hebat.,kalian ajja yg nilai tdk baek",mbg memang hebat kalian ajja nilai baek,NEUTRAL,0.2595,
tangan2 elite global,1,11 hours ago,tangan2 elite global,tangan2 elite global,POSITIVE,0.6736,Lainnya
Betul pernah menjatuhkan Indonesia tahu 98,9,1 day ago,Betul pernah menjatuhkan Indonesia tahu 98,betul pernah menjatuhkan indonesia tahu 98,NEGATIVE,0.4321,Lainnya
"emang bener, logika dasar aja tau.",5,1 day ago,"emang bener, logika dasar aja tau.",memang bener logika dasar aja tau,NEUTRAL,0.3086,
Yaa itu efisin si para pejabat bro dan ga ngarus di apbn real dan nyata nya memang sekarang bbm kita ga naik walaupun harga minyak dunia naik jadi mbg itu mengalihkan anggaran yg selama ini di nikmati pejabat² mwnding di kasikan anak sekolah apa ga hebat uru bro 😁🤭🤭,0,1 day ago,Yaa itu efisin si para pejabat bro dan ga ngarus di apbn real dan nyata nya memang sekarang bbm kita ga naik walaupun harga minyak dunia naik jadi mbg itu mengalihkan anggaran yg selama ini di nikmati pejabat² mwnding di kasikan anak sekolah apa ga hebat uru bro 😁🤭🤭,yaa efisin si para pejabat bro ngarus apbn real nyata memang sekarang bbm naik walaupun harga minyak dunia naik mbg mengalihkan anggaran selama nikmati pejabat mwnding kasikan anak sekolah apa hebat uru bro,NEGATIVE,0.3806,Kekhawatiran ekonomi
Cair cair 😂😂😂😂,0,1 day ago,Cair cair 😂😂😂😂,cair cair,NEGATIVE,0.2878,Lainnya
Sok tau lu 😁🤭,0,1 day ago,Sok tau lu 😁🤭,sok tau kamu,POSITIVE,0.3309,Lainnya
"Heran aku, terus yang angkat Purbaya jadi Mentri siapa? Lebih pinter dia lah 😂",12,1 day ago,"Heran aku, terus yang angkat Purbaya jadi Mentri siapa? Lebih pinter dia lah 😂",heran terus angkat purbaya mentri siapa pinter dia,NEGATIVE,0.4502,Lainnya
" @malamyangsunyii  kalo pinter knp ga di pilih sejak dari awal menjabat ehehe, malah muncul nama bahlil raja juli dll wkwk",1,1 day ago," @malamyangsunyii  kalo pinter knp ga di pilih sejak dari awal menjabat ehehe, malah muncul nama bahlil raja juli dll wkwk",pinter knp pilih sejak awal menjabat ehehe malah muncul nama bahlil raja juli dll,NEGATIVE,0.6218,Lainnya
"tapi faktanya yang gendong malah prabowo, bolak balik ke luar negeri biar investasi pada masuk. 

target 8% di tahun 2029 memang berat makanya dia realistis mengundang investor luar untuk investasi disini, kalo hanya mengandalkan peran negara atau danantara memangnya butuh berapa tahun buat mencapai itu.",6,1 day ago,"tapi faktanya yang gendong malah prabowo, bolak balik ke luar negeri biar investasi pada masuk. 

target 8% di tahun 2029 memang berat makanya dia realistis mengundang investor luar untuk investasi disini, kalo hanya mengandalkan peran negara atau danantara memangnya butuh berapa tahun buat mencapai itu.",faktanya gendong malah prabowo bolak balik luar negeri supaya investasi masuk target 8 tahun 2029 memang berat makanya dia realistis mengundang investor luar investasi disini hanya mengandalkan peran negara danantara memangnya butuh berapa tahun buat mencapai,NEGATIVE,0.4538,Kepercayaan pihak eksternal
"​ @gagapanigara3513  betul, akan lebih konkrit lagi jika mau bersih2 mafia di dalam BGN 😁",2,1 day ago,"​ @gagapanigara3513  betul, akan lebih konkrit lagi jika mau bersih2 mafia di dalam BGN 😁",betul konkrit sedang mau bersih2 mafia bgn,NEGATIVE,0.3042,Lainnya
Semua tergantung persiden. Persiden penggang kendali. Memilih memberhentikan semua di tangan persiden.,4,1 day ago,Semua tergantung persiden. Persiden penggang kendali. Memilih memberhentikan semua di tangan persiden.,tergantung persiden persiden penggang kendali memilih memberhentikan tangan persiden,NEGATIVE,0.527,Lainnya
Memang tugas nya sebagai Financial Controller negeri ini.,3,1 day ago,Memang tugas nya sebagai Financial Controller negeri ini.,memang tugas sebagai financial controller negeri,POSITIVE,0.242,Lainnya
"​​ @soebrata8 lha iya bang namanya juga menkeu, coba bayangin misal negara ini punya menkeu ga se kompeten purbaya, apa ga bobrok isi pemerintahan ini wkwkwk
coba deh evaluasi mentri2 yang lain, karena lebih dominan orang2 non kompeten di bidangnya 😄",4,1 day ago (edited),"​​ @soebrata8 lha iya bang namanya juga menkeu, coba bayangin misal negara ini punya menkeu ga se kompeten purbaya, apa ga bobrok isi pemerintahan ini wkwkwk
coba deh evaluasi mentri2 yang lain, karena lebih dominan orang2 non kompeten di bidangnya 😄",lha iya bang namanya menkeu coba bayangin misal negara punya menkeu se kompeten purbaya apa bobrok isi pemerintahan coba evaluasi mentri2 lain dominan orang2 non kompeten bidangnya,NEGATIVE,0.3714,Lainnya
ketikan pakar ekonomi ngeriiii,0,1 day ago,ketikan pakar ekonomi ngeriiii,ketikan pakar ekonomi ngeriiii,NEUTRAL,0.2898,
Sok tau lu bang 😂😂😂 pede bgt omong gitu,0,1 day ago,Sok tau lu bang 😂😂😂 pede bgt omong gitu,sok tau kamu bang pede banget omong,NEGATIVE,0.3516,Skeptisisme terhadap pemerintah
Apa nya dibilang si jangkar muda kismin pengangguran ini.,0,1 day ago,Apa nya dibilang si jangkar muda kismin pengangguran ini.,apa dibilang si jangkar muda kismin pengangguran,NEUTRAL,0.3647,
"Lebay amt bro, gak usah kayak gt jg bro 😂",0,1 day ago,"Lebay amt bro, gak usah kayak gt jg bro 😂",lebay amt bro usah kayak gt bro,NEUTRAL,0.2719,
"​ @pistoncup7986  wkwkwk gapapa nyari keramaian aja, seru liat balesan orang2 pusing 😄",0,1 day ago,"​ @pistoncup7986  wkwkwk gapapa nyari keramaian aja, seru liat balesan orang2 pusing 😄",gapapa nyari keramaian aja seru liat balesan orang2 pusing,NEGATIVE,0.5177,Lainnya
"Omon omon doang , kita punya Mentri cuma butuh gimana cara nya biar gak inflasi, padahal lebih bagus inflasi buat Perdagangan ekspor 

Jadi memang kedepan nya rupiah emang disengajain inflasi supaya produk indo laku karna murah 

Jepang juga melakukan hal itu

Jadi fungsi Menkeu gak ada , cuma jabat dan numpang berkicau 😂",0,3 hours ago,"Omon omon doang , kita punya Mentri cuma butuh gimana cara nya biar gak inflasi, padahal lebih bagus inflasi buat Perdagangan ekspor 

Jadi memang kedepan nya rupiah emang disengajain inflasi supaya produk indo laku karna murah 

Jepang juga melakukan hal itu

Jadi fungsi Menkeu gak ada , cuma jabat dan numpang berkicau 😂",omon omon doang punya mentri cuma butuh gimana cara supaya inflasi padahal bagus inflasi buat perdagangan ekspor memang kedepan rupiah memang disengajain inflasi supaya produk indo laku murah jepang melakukan hal fungsi menkeu cuma jabat numpang berkicau,NEGATIVE,0.5473,Kekhawatiran ekonomi
"​ @Juna_san  inflasi biaya produksi juga bakal makin mahal lah kocak, sama aja wkwkwkwk",0,3 hours ago,"​ @Juna_san  inflasi biaya produksi juga bakal makin mahal lah kocak, sama aja wkwkwkwk",inflasi biaya produksi bakal makin mahal kocak aja wkwkwkwk,NEGATIVE,0.5214,Kekhawatiran ekonomi
"gendong dalam apa??survival kah??atau kemakmuran tapi yg makmur cuma dibawah 10% sisanya madesuu😅😂😅,buat bisa hidup aja harus digendong masa😅segitu parah nya kah??",0,1 day ago (edited),"gendong dalam apa??survival kah??atau kemakmuran tapi yg makmur cuma dibawah 10% sisanya madesuu😅😂😅,buat bisa hidup aja harus digendong masa😅segitu parah nya kah??",gendong apa survival kemakmuran makmur cuma dibawah 10 sisanya madesuu buat hidup aja digendong masa segitu parah,NEGATIVE,0.3275,Lainnya
"​ @kudupiye8282  waktu punya kesempatan bersekolah malah main main, pacaran, nongkrong ga jelas, dah selesai bersekolah malah nyalahin orang lain",0,1 day ago,"​ @kudupiye8282  waktu punya kesempatan bersekolah malah main main, pacaran, nongkrong ga jelas, dah selesai bersekolah malah nyalahin orang lain",waktu punya kesempatan bersekolah malah main main pacaran nongkrong jelas selesai bersekolah malah nyalahin orang lain,NEGATIVE,0.3997,Lainnya
"Anda ngomong gitu seakan2 beliau berjuang sendiri. Harusnya anda bilang ""mari berjuang bersama""",0,8 hours ago,"Anda ngomong gitu seakan2 beliau berjuang sendiri. Harusnya anda bilang ""mari berjuang bersama""",anda ngomong seakan2 beliau berjuang sendiri harusnya anda bilang mari berjuang bersama,POSITIVE,0.3325,Lainnya
Karna masa yg menggulingkan srimul 😂,2,1 day ago,Karna masa yg menggulingkan srimul 😂,masa menggulingkan srimul,NEGATIVE,0.4193,Lainnya
sok tau ini SDM rendah,0,1 day ago,sok tau ini SDM rendah,sok tau sdm rendah,NEUTRAL,0.3856,
UTANG untuk korupsi berjamaah aparat penjabat pemerintah Rakyat makin melarat APBN Cor2 bgn MBG WHOOSH PROYEK2 OLIGARKI MAFIA CUKONG2 IKN untuk mata sipit Kong kalikong sama REZIM TERMUL dan TERWO.,0,1 day ago,UTANG untuk korupsi berjamaah aparat penjabat pemerintah Rakyat makin melarat APBN Cor2 bgn MBG WHOOSH PROYEK2 OLIGARKI MAFIA CUKONG2 IKN untuk mata sipit Kong kalikong sama REZIM TERMUL dan TERWO.,utang korupsi berjamaah aparat penjabat pemerintah rakyat makin melarat apbn cor2 bgn mbg whoosh proyek2 oligarki mafia cukong2 ikn mata sipit kong kalikong rezim termul terwo,NEGATIVE,0.6112,Kekhawatiran ekonomi
 @nasrulpakiah-ss2oz  ikn terlupakan well,0,1 day ago, @nasrulpakiah-ss2oz  ikn terlupakan well,ss2oz ikn terlupakan well,POSITIVE,0.4463,Lainnya
udah tua tp gak bisa mencerna berita,0,1 day ago,udah tua tp gak bisa mencerna berita,tua mencerna berita,POSITIVE,0.228,Lainnya
 @IchwanHadi-ht3zy  emang dia ke imf ngapain? imf itu bank pinjaman dunia loh begok ni iq78,0,1 day ago, @IchwanHadi-ht3zy  emang dia ke imf ngapain? imf itu bank pinjaman dunia loh begok ni iq78,ht3zy memang dia imf ngapain imf bank pinjaman dunia loh begok iq78,NEGATIVE,0.6976,Kepercayaan pihak eksternal
"​ @IchwanHadi-ht3zy  dia ga punya otak,cuma punya dengkul aja 😂",0,1 day ago,"​ @IchwanHadi-ht3zy  dia ga punya otak,cuma punya dengkul aja 😂",ht3zy dia punya otak cuma punya dengkul aja,NEGATIVE,0.4618,Lainnya
Congore wedus,4,1 day ago,Congore wedus,congore wedus,NEUTRAL,0.2472,
"​​ @agusapriyanto222 weduse sopo bang,saya ketawa ,pass",0,1 day ago (edited),"​​ @agusapriyanto222 weduse sopo bang,saya ketawa ,pass",weduse sopo bang ketawa pass,NEGATIVE,0.2859,Lainnya
menungso loro ati yo ngene iki,1,1 day ago,menungso loro ati yo ngene iki,menungso loro ati yo ngene iki,NEUTRAL,0.263,
"Kesel banget sm Pak Pur.
Saudara nya Sri Mul ya?",1,1 day ago,"Kesel banget sm Pak Pur.
Saudara nya Sri Mul ya?",kesel banget pak pur saudara sri mul,NEGATIVE,0.314,Lainnya
Ph.D di komentar i sama Yang seperti ini??? Serius?? 😂😂,0,1 day ago,Ph.D di komentar i sama Yang seperti ini??? Serius?? 😂😂,ph d komentar i serius,POSITIVE,0.3114,Lainnya
anda anak buahnya george soros kah 😂😂,0,1 day ago,anda anak buahnya george soros kah 😂😂,anda anak buahnya george soros,POSITIVE,0.3367,Lainnya
semoga pa Pur mampu mengatasi gelombang kesulitan ekonomi dunia sekarang,32,1 day ago,semoga pa Pur mampu mengatasi gelombang kesulitan ekonomi dunia sekarang,semoga pa pur mampu mengatasi gelombang kesulitan ekonomi dunia sekarang,POSITIVE,0.3902,Lainnya
Terima kasih Pak Purbaya & Pak Prabowo 🔥,42,1 day ago,Terima kasih Pak Purbaya & Pak Prabowo 🔥,terima kasih pak purbaya pak prabowo,NEUTRAL,0.2661,
Jika Bank dunia (IMF) tidak mau pinjam saja sama koperasi 😅,4,1 day ago,Jika Bank dunia (IMF) tidak mau pinjam saja sama koperasi 😅,bank dunia imf mau pinjam koperasi,NEGATIVE,0.4966,Kepercayaan pihak eksternal
Ekonomi Turun Stagnan Nilai Rupiah Nungsep Hutang Naik,3,1 day ago,Ekonomi Turun Stagnan Nilai Rupiah Nungsep Hutang Naik,ekonomi turun stagnan nilai rupiah nungsep hutang naik,NEGATIVE,0.6344,Kekhawatiran ekonomi
Ekonomi Stag Turun Nilai Rupiah Nungsep,3,1 day ago,Ekonomi Stag Turun Nilai Rupiah Nungsep,ekonomi stag turun nilai rupiah nungsep,NEGATIVE,0.6345,Kekhawatiran ekonomi
"Bank dunia jangan kasih pijaman mulu ke RI, uangnya hanya buat di korup terus",8,1 day ago (edited),"Bank dunia jangan kasih pijaman mulu ke RI, uangnya hanya buat di korup terus",bank dunia jangan kasih pijaman mulu ri uangnya hanya buat korup terus,NEGATIVE,0.7199,Kepercayaan pihak eksternal
Lulusan ITB memang mantab ngak seperti lulusan sono tu cuman bikin ribut negara ujung-ujungnya nyari jabatan dan cuan.,4,1 day ago,Lulusan ITB memang mantab ngak seperti lulusan sono tu cuman bikin ribut negara ujung-ujungnya nyari jabatan dan cuan.,lulusan itb memang mantab ngak lulusan sono tu cuman bikin ribut negara ujung ujungnya nyari jabatan cuan,NEGATIVE,0.5182,Lainnya
capek jadi politik kalo di Indonesia emang,20,1 day ago,capek jadi politik kalo di Indonesia emang,capek politik indonesia memang,POSITIVE,0.3283,Lainnya
Bangga sekali dngn ITB,1,1 day ago,Bangga sekali dngn ITB,bangga sekali dngn itb,NEGATIVE,0.285,Lainnya
Lanjut Pak Pur  tetap semangat,32,1 day ago,Lanjut Pak Pur  tetap semangat,lanjut pak pur tetap semangat,POSITIVE,0.4942,Optimisme ekonomi
Para pembantu rakyat 😂,0,1 day ago,Para pembantu rakyat 😂,para pembantu rakyat,POSITIVE,0.4121,Lainnya
"Terimakasih pak Pur, untuk Wowo sory yee",1,1 day ago,"Terimakasih pak Pur, untuk Wowo sory yee",terimakasih pak pur wowo sory yee,NEGATIVE,0.2922,Lainnya
​ @fachriikhsan1055 wkwkwkkw si omon2 cmn hamburkan uang negara ke mbg😊,1,1 day ago,​ @fachriikhsan1055 wkwkwkkw si omon2 cmn hamburkan uang negara ke mbg😊,wkwkwkkw si omon2 cmn hamburkan uang negara mbg,NEGATIVE,0.5985,Lainnya
Pinjam sj ke Koperasi Merah Putih,3,1 day ago,Pinjam sj ke Koperasi Merah Putih,pinjam sj koperasi merah putih,NEGATIVE,0.4319,Lainnya
Yaaa kalo koprasi sukses nanti jangan jadi anggota nya yaaa jadi baiar ga munafik nanti jadi nya 😁😁🤭🤭,2,1 day ago,Yaaa kalo koprasi sukses nanti jangan jadi anggota nya yaaa jadi baiar ga munafik nanti jadi nya 😁😁🤭🤭,yaaa koprasi sukses nanti jangan anggota yaaa baiar munafik nanti,POSITIVE,0.5088,Lainnya
"Jadi menurut lu nyeettt, cuma Indonesia ajee yg bgitu????????",2,1 day ago,"Jadi menurut lu nyeettt, cuma Indonesia ajee yg bgitu????????",menurut kamu nyeettt cuma indonesia ajee bgitu,NEGATIVE,0.5115,Lainnya
sdm rendah wkwlwl,0,1 day ago,sdm rendah wkwlwl,sdm rendah wkwlwl,NEUTRAL,0.3675,
" @WikaSalim-f7k  kalau purboyo merasa hebat, ngapain ke amerika ketemu investor ? ngapain juga ketemu world bank dan imf ? mau pamer atau bawa proposal utang? utang juga bisa disebut investasi buat yang ngutangin. mrongos anaknya purboyo bapaknya ketemu sama temenya CIA wkwkwkwkwk",2,1 day ago," @WikaSalim-f7k  kalau purboyo merasa hebat, ngapain ke amerika ketemu investor ? ngapain juga ketemu world bank dan imf ? mau pamer atau bawa proposal utang? utang juga bisa disebut investasi buat yang ngutangin. mrongos anaknya purboyo bapaknya ketemu sama temenya CIA wkwkwkwkwk",f7k purboyo merasa hebat ngapain amerika ketemu investor ngapain ketemu world bank imf mau pamer bawa proposal utang utang disebut investasi buat ngutangin mrongos anaknya purboyo bapaknya ketemu temenya cia wkwkwkwkwk,NEGATIVE,0.6414,Kekhawatiran ekonomi
Wedus penghianat,0,1 day ago,Wedus penghianat,wedus penghianat,NEGATIVE,0.5128,Lainnya
Ditunggu permintaan maafnya anda😅,0,1 day ago,Ditunggu permintaan maafnya anda😅,ditunggu permintaan maafnya anda,NEGATIVE,0.534,Lainnya
​ @sedyawati  Maaf asal bapak senang 🤣🤣🤣,0,1 day ago,​ @sedyawati  Maaf asal bapak senang 🤣🤣🤣,maaf asal bapak senang,NEGATIVE,0.5392,Lainnya
Kridit mu yg naik bang,0,1 day ago,Kridit mu yg naik bang,kridit mu naik bang,NEGATIVE,0.3837,Lainnya
​ @maskurikuri-qz2to  Mumpung gubernur BI masih keponakanku sendiri bang,0,1 day ago,​ @maskurikuri-qz2to  Mumpung gubernur BI masih keponakanku sendiri bang,qz2to mumpung gubernur bi keponakanku sendiri bang,NEGATIVE,0.3856,Lainnya
urus sj ekonomimu sapa tau soros ngasi dikit buat lu😂,0,1 day ago,urus sj ekonomimu sapa tau soros ngasi dikit buat lu😂,urus sj ekonomimu sapa tau soros ngasi dikit buat kamu,NEGATIVE,0.3139,Kekhawatiran ekonomi
​ @dogol7777  Ntar lah nunggu Gentdengisasi dulu 🤣🤣,0,1 day ago,​ @dogol7777  Ntar lah nunggu Gentdengisasi dulu 🤣🤣,nanti nunggu gentdengisasi dulu,NEGATIVE,0.3532,Lainnya
Wedus penghianat,0,1 day ago,Wedus penghianat,wedus penghianat,NEGATIVE,0.5128,Lainnya
"Indonesia tidak butuh pinjaman dari bank dunia karena sudah stabil,  otaknya kok bobrok amat sih",0,1 day ago,"Indonesia tidak butuh pinjaman dari bank dunia karena sudah stabil,  otaknya kok bobrok amat sih",indonesia butuh pinjaman bank dunia stabil otaknya kok bobrok amat,POSITIVE,0.3876,Lainnya
Pak pur di itb jurusan nya mesin padahal,1,1 day ago,Pak pur di itb jurusan nya mesin padahal,pak pur itb jurusan mesin padahal,NEUTRAL,0.3393,
Lulusan UGM kah,1,1 day ago,Lulusan UGM kah,lulusan ugm,POSITIVE,0.2554,Lainnya
Nggak mau capek lo Nggak usah komen politik karena politik itu sama saja ada yg suka dan tidak begitu hidup di Dunia ini yg nggak capek yg meninggalkan dunia ini,0,1 day ago,Nggak mau capek lo Nggak usah komen politik karena politik itu sama saja ada yg suka dan tidak begitu hidup di Dunia ini yg nggak capek yg meninggalkan dunia ini,mau capek kamu usah komen politik politik suka begitu hidup dunia capek meninggalkan dunia,NEGATIVE,0.3929,Lainnya
​ @KinahKinah-r6c awas lu ye gw bakal persentasi smuawnya,1,1 day ago,​ @KinahKinah-r6c awas lu ye gw bakal persentasi smuawnya,r6c awas kamu ye bakal persentasi smuawnya,NEGATIVE,0.2667,Lainnya
Semua negara yang menganut demokrasi memang politik seperti itu. Makanya sekolah,0,1 day ago,Semua negara yang menganut demokrasi memang politik seperti itu. Makanya sekolah,negara menganut demokrasi memang politik makanya sekolah,NEUTRAL,0.2871,
​ @zabo57 elu yang sekolah,1,1 day ago,​ @zabo57 elu yang sekolah,elu sekolah,POSITIVE,0.4023,Lainnya
